date,temp_avg,temp_min,temp_max,precipitation,wdir,pressure,season
2014-03-01,-4.8,-12.8,1.1,0.0,313.4,1026.9,Spring
2014-03-02,1.4,-1.1,2.8,0.0,228.6,1017.4,Spring
2014-03-03,-6.3,-10.0,-1.1,0.0,347.0,1021.1,Spring
2014-03-04,-6.8,-12.2,-2.2,0.0,253.6,1026.9,Spring
2014-03-05,-1.7,-3.9,0.6,0.0,247.0,1025.4,Spring
2014-03-06,-6.2,-10.6,-1.1,0.0,313.8,1034.8,Spring
2014-03-07,-2.2,-8.3,1.7,0.0,11.0,1024.2,Spring
2014-03-08,4.3,-1.7,11.1,0.0,299.4,1010.0,Spring
2014-03-09,3.4,1.1,5.0,0.0,257.0,1013.8,Spring
2014-03-10,2.8,1.1,5.6,1.72,67.2,1008.9,Spring
2014-03-11,5.8,-1.1,16.1,0.0,235.0,1002.7,Spring
2014-03-12,7.3,3.3,10.6,9.34,147.0,995.4,Spring
2014-03-13,-4.2,-7.8,5.6,0.2,323.0,999.6,Spring
2014-03-14,-1.7,-7.2,3.9,0.0,187.8,1019.5,Spring
2014-03-15,7.4,3.3,12.8,0.8,241.0,1009.7,Spring
2014-03-16,1.4,-1.7,6.1,0.0,324.0,1019.8,Spring
2014-03-17,-2.8,-5.6,0.6,0.0,183.8,1019.3,Spring
2014-03-18,-1.5,-6.7,3.3,0.0,146.8,1024.5,Spring
2014-03-19,0.9,-4.4,5.0,4.6,70.0,1023.1,Spring
2014-03-20,7.2,2.8,11.7,16.5,58.4,1007.3,Spring
2014-03-21,5.6,2.8,8.3,0.0,288.0,1013.6,Spring
2014-03-22,6.3,-2.8,15.6,0.0,201.6,1012.4,Spring
2014-03-23,2.7,-1.7,6.1,0.0,272.6,1016.0,Spring
2014-03-24,-2.4,-6.7,1.1,0.0,318.0,1020.9,Spring
2014-03-25,-1.5,-8.3,2.8,0.0,190.4,1018.6,Spring
2014-03-26,0.1,-3.9,2.2,0.0,335.0,1010.1,Spring
2014-03-27,-0.7,-6.1,4.4,0.0,150.6,1026.4,Spring
2014-03-28,5.4,-0.6,9.4,0.0,261.6,1019.5,Spring
2014-03-29,7.1,2.2,10.0,0.0,209.0,1014.2,Spring
2014-03-30,6.7,5.0,8.0,4.12,15.0,1001.7,Spring
2014-03-31,4.3,0.6,8.3,0.0,348.0,1010.8,Spring
2014-04-01,5.8,1.7,10.0,0.0,307.0,1017.9,Spring
2014-04-02,5.2,1.1,10.0,0.0,255.6,1019.1,Spring
2014-04-03,8.1,1.7,12.8,0.0,206.6,1018.4,Spring
2014-04-04,5.7,3.9,7.8,0.1,96.0,1017.0,Spring
2014-04-05,7.4,3.9,12.2,1.0,311.0,1009.4,Spring
2014-04-06,6.3,2.2,11.1,0.0,213.2,1020.3,Spring
2014-04-07,6.4,0.6,9.4,0.0,255.6,1020.0,Spring
2014-04-08,10.9,7.8,15.0,3.3800000000000003,229.6,999.1,Spring
2014-04-09,10.8,6.1,16.7,0.0,259.6,1006.0,Spring
2014-04-10,7.2,-1.1,12.2,0.0,269.0,1020.0,Spring
2014-04-11,12.4,7.8,18.9,0.0,274.0,1015.6,Spring
2014-04-12,12.4,6.7,18.3,0.0,132.0,1020.7,Spring
2014-04-13,12.1,5.6,18.3,0.0,176.4,1020.6,Spring
2014-04-14,14.0,11.1,18.3,0.0,297.8,1015.5,Spring
2014-04-15,12.2,3.9,15.0,2.1399999999999997,197.0,1018.4,Spring
2014-04-16,3.5,0.0,7.8,2.0,335.0,1024.3,Spring
2014-04-17,3.6,-1.1,7.2,0.0,74.0,1038.8,Spring
2014-04-18,4.0,-0.6,7.2,0.0,21.0,1031.7,Spring
2014-04-19,11.6,5.0,18.3,0.0,193.8,1024.2,Spring
2014-04-20,8.6,4.4,11.7,0.0,87.0,1030.8,Spring
2014-04-21,7.6,-0.6,15.0,0.0,272.4,1020.1,Spring
2014-04-22,11.2,5.0,17.2,0.82,284.4,1005.0,Spring
2014-04-23,10.8,7.8,15.0,3.6800000000000006,215.0,1000.8,Spring
2014-04-24,10.9,6.1,15.6,0.0,321.0,1009.9,Spring
2014-04-25,10.3,4.4,15.0,0.0,205.0,1014.5,Spring
2014-04-26,8.9,6.7,13.3,1.8200000000000003,66.0,1008.4,Spring
2014-04-27,10.3,5.0,14.4,0.5,186.4,1015.22,Spring
2014-04-28,11.0,6.7,15.0,0.0,347.0,1009.6199999999999,Spring
2014-04-29,8.4,6.7,10.0,0.1,91.0,1027.6,Spring
2014-04-30,6.7,5.6,7.8,0.72,86.0,1027.3,Spring
2014-05-01,13.8,8.3,18.3,35.3,237.6,1017.18,Spring
2014-05-02,14.6,11.7,17.2,3.4,155.2,1007.2,Spring
2014-05-03,13.3,6.1,18.3,0.0,285.6,1009.5,Spring
2014-05-04,14.0,11.7,17.8,0.3,252.0,1005.0,Spring
2014-05-05,15.1,11.1,20.0,0.0,239.2,1009.3,Spring
2014-05-06,13.9,7.8,18.9,0.0,312.4,1012.9,Spring
2014-05-07,13.0,7.2,16.7,0.0,179.4,1021.6,Spring
2014-05-08,11.1,8.3,13.3,2.1,82.2,1021.6,Spring
2014-05-09,13.8,12.8,15.0,4.040000000000001,61.6,1021.0,Spring
2014-05-10,16.9,13.0,24.4,2.42,137.4,1012.3,Spring
2014-05-11,19.2,14.4,22.8,2.1,153.0,1014.7,Spring
2014-05-12,17.5,10.6,25.0,0.0,194.8,1018.5,Spring
2014-05-13,15.4,10.6,17.8,0.0,142.8,1022.3,Spring
2014-05-14,12.7,8.9,15.6,0.0,102.0,1025.9,Spring
2014-05-15,17.6,13.9,21.1,2.5,113.0,1007.32,Spring
2014-05-16,17.1,16.1,18.3,6.4799999999999995,125.0,1016.4,Spring
2014-05-17,16.6,13.9,20.0,31.6,67.6,1014.4,Spring
2014-05-18,16.1,10.6,20.6,0.0,321.0,1019.5,Spring
2014-05-19,16.0,10.0,21.1,0.0,326.0,1019.4,Spring
2014-05-20,19.2,13.3,25.6,0.0,173.0,1016.7,Spring
2014-05-21,17.0,12.8,22.2,0.0,216.2,1014.4,Spring
2014-05-22,13.9,12.8,15.0,1.3800000000000001,108.0,1011.6,Spring
2014-05-23,14.9,13.3,18.3,0.0,177.6,1012.1,Spring
2014-05-24,15.6,12.8,20.6,6.540000000000001,197.6,1015.8,Spring
2014-05-25,16.7,12.8,23.9,0.0,166.8,1017.7,Spring
2014-05-26,19.1,11.7,26.1,0.0,207.6,1014.5,Spring
2014-05-27,20.9,14.4,28.3,29.5,139.2,1010.2,Spring
2014-05-28,12.9,11.1,15.0,2.8,34.0,1015.5,Spring
2014-05-29,13.1,6.7,17.2,0.0,101.0,1022.6,Spring
2014-05-30,15.3,9.4,20.6,0.3,226.0,1018.2,Spring
2014-05-31,16.6,12.2,22.2,0.0,129.0,1021.0,Spring
2014-06-01,17.3,9.4,23.3,0.0,84.4,1026.1,Summer
2014-06-02,18.0,10.6,25.0,0.0,107.0,1021.3,Summer
2014-06-03,19.1,13.9,25.6,0.0,240.2,1013.8,Summer
2014-06-04,18.5,16.1,21.7,0.0,93.0,1009.5,Summer
2014-06-05,18.3,16.1,22.8,2.08,106.0,1005.7,Summer
2014-06-06,20.0,14.4,24.4,0.0,128.6,1009.9,Summer
2014-06-07,21.0,14.4,25.0,0.0,213.0,1013.8,Summer
2014-06-08,22.0,14.4,28.9,0.0,253.6,1013.4,Summer
2014-06-09,18.3,17.0,21.1,0.18,72.8,1016.46,Summer
2014-06-10,20.7,17.8,24.0,4.3,70.2,1011.64,Summer
2014-06-11,18.4,16.7,21.1,1.7,76.0,1019.2,Summer
2014-06-12,17.9,16.1,20.0,2.02,91.0,1017.9,Summer
2014-06-13,20.0,17.8,23.9,1.18,159.6,1017.1,Summer
2014-06-14,21.2,16.7,25.6,0.6,136.6,1010.9,Summer
2014-06-15,20.6,15.0,26.1,0.0,168.0,1016.8,Summer
2014-06-16,20.6,16.1,25.0,0.0,101.6,1019.6,Summer
2014-06-17,22.0,17.2,26.7,0.0,269.6,1016.4,Summer
2014-06-18,26.6,21.1,31.1,0.0,181.8,1011.3,Summer
2014-06-19,21.3,18.9,23.3,0.86,172.8,1014.6,Summer
2014-06-20,20.8,13.3,26.1,0.0,266.4,1014.2,Summer
2014-06-21,19.1,12.8,23.3,0.0,219.0,1014.1,Summer
2014-06-22,19.8,13.9,24.4,0.0,251.2,1015.0,Summer
2014-06-23,20.4,13.9,25.0,0.0,142.4,1019.7,Summer
2014-06-24,21.9,17.8,26.1,0.3,154.0,1020.2,Summer
2014-06-25,23.3,19.4,27.2,0.0,181.0,1014.5,Summer
2014-06-26,25.1,19.4,31.1,0.0,240.8,1014.18,Summer
2014-06-27,22.2,18.3,26.7,1.6600000000000001,137.8,1019.4,Summer
2014-06-28,21.7,15.6,26.7,0.0,66.4,1024.3,Summer
2014-06-29,21.8,15.6,27.8,0.0,115.2,1023.3,Summer
2014-06-30,23.7,20.0,27.8,0.0,206.0,1017.7,Summer
2014-07-01,25.3,21.7,28.9,0.0,182.4,1012.6,Summer
2014-07-02,25.8,22.8,30.6,11.3,185.4,1012.5,Summer
2014-07-03,26.1,22.2,30.6,3.0,223.8,1014.1,Summer
2014-07-04,21.9,19.4,23.9,1.3599999999999999,172.8,1013.6,Summer
2014-07-05,23.1,18.3,27.8,0.0,254.6,1017.0,Summer
2014-07-06,23.0,15.6,28.3,0.0,269.2,1016.3,Summer
2014-07-07,25.1,21.1,29.4,0.0,210.0,1010.3,Summer
2014-07-08,25.8,21.1,31.7,0.0,180.4,1008.1,Summer
2014-07-09,25.6,22.2,29.4,0.0,158.4,1010.8,Summer
2014-07-10,23.9,20.6,27.2,0.0,182.8,1018.1,Summer
2014-07-11,24.1,20.6,28.9,0.0,149.4,1021.9,Summer
2014-07-12,23.8,17.8,28.9,0.0,146.8,1022.7,Summer
2014-07-13,24.4,21.7,27.8,0.0,193.0,1017.2,Summer
2014-07-14,24.7,22.8,27.0,0.26,188.6,1009.54,Summer
2014-07-15,24.6,22.8,27.8,1.7,192.4,1009.8,Summer
2014-07-16,23.8,21.7,27.8,2.04,181.0,1012.5799999999999,Summer
2014-07-17,23.1,19.4,26.7,0.0,162.2,1014.5,Summer
2014-07-18,22.2,17.2,28.3,0.0,162.4,1021.9,Summer
2014-07-19,21.1,17.2,25.6,0.0,90.2,1023.7,Summer
2014-07-20,21.6,17.8,26.1,0.0,137.4,1021.1,Summer
2014-07-21,22.3,16.7,28.3,0.0,129.2,1021.6,Summer
2014-07-22,25.0,19.4,30.0,0.0,212.0,1020.0,Summer
2014-07-23,26.0,23.3,29.4,0.3,171.6,1012.9,Summer
2014-07-24,24.5,21.7,27.2,1.0,168.6,1009.9,Summer
2014-07-25,23.0,16.7,26.7,0.0,314.0,1014.9,Summer
2014-07-26,23.9,22.2,26.1,0.0,160.4,1014.7,Summer
2014-07-27,24.9,22.8,28.3,0.3,152.2,1008.2,Summer
2014-07-28,25.0,22.8,28.3,4.3,179.6,1001.1,Summer
2014-07-29,21.9,18.3,25.0,0.0,296.0,1009.9,Summer
2014-07-30,21.3,15.0,26.1,0.0,221.0,1016.0,Summer
2014-07-31,23.1,17.2,28.3,0.0,235.6,1019.2,Summer
2014-08-01,24.6,21.7,28.9,0.0,154.8,1022.5,Summer
2014-08-02,21.5,18.3,23.3,1.5799999999999998,96.6,1021.5,Summer
2014-08-03,20.8,17.2,24.4,0.0,77.0,1019.3,Summer
2014-08-04,24.0,19.4,27.8,0.0,222.8,1013.8799999999999,Summer
2014-08-05,25.3,18.9,30.6,0.0,267.0,1015.4,Summer
2014-08-06,24.7,20.6,29.4,0.0,201.6,1011.1,Summer
2014-08-07,23.4,17.2,28.3,0.0,228.2,1012.9,Summer
2014-08-08,23.1,17.2,28.3,0.0,321.0,1016.9,Summer
2014-08-09,22.6,15.0,28.3,0.0,150.8,1018.5,Summer
2014-08-10,24.2,18.3,30.0,0.0,253.8,1019.6,Summer
2014-08-11,23.8,17.8,29.4,0.0,166.2,1020.4,Summer
2014-08-12,24.3,20.0,26.7,0.0,128.0,1017.6,Summer
2014-08-13,23.9,20.6,26.7,54.3,112.0,1007.2,Summer
2014-08-14,21.8,17.2,25.0,0.0,136.6,1009.6,Summer
2014-08-15,19.7,15.0,22.2,0.0,149.0,1012.9,Summer
2014-08-16,21.1,15.0,25.0,0.0,213.0,1014.8,Summer
2014-08-17,24.1,21.7,27.2,0.0,172.2,1010.7,Summer
2014-08-18,21.9,17.8,26.1,0.0,171.4,1011.1,Summer
2014-08-19,20.3,13.9,25.6,0.0,213.0,1013.0,Summer
2014-08-20,21.6,16.1,27.8,0.0,275.8,1015.7,Summer
2014-08-21,22.1,19.4,25.6,0.0,165.2,1017.7,Summer
2014-08-22,21.7,18.3,23.9,0.0,93.0,1017.6,Summer
2014-08-23,21.2,18.9,23.9,0.0,111.0,1018.9,Summer
2014-08-24,19.8,14.4,24.4,0.0,142.4,1020.4,Summer
2014-08-25,23.2,15.6,31.1,0.0,168.2,1020.5,Summer
2014-08-26,23.3,17.2,28.9,0.0,138.8,1020.4,Summer
2014-08-27,24.8,17.8,30.0,0.3,262.2,1015.0,Summer
2014-08-28,23.3,18.9,27.8,0.0,333.0,1011.9,Summer
2014-08-29,20.5,14.4,24.4,0.0,359.0,1021.2,Summer
2014-08-30,22.2,18.9,26.1,0.0,172.0,1023.9,Summer
2014-08-31,25.0,23.3,28.9,1.1,199.0,1018.3,Summer
2014-09-01,26.2,23.9,29.4,0.0,183.6,1014.8,Fall
2014-09-02,27.0,22.2,31.7,0.0,158.4,1011.4,Fall
2014-09-03,25.6,20.0,28.9,0.0,188.8,1014.3,Fall
2014-09-04,23.5,16.7,28.9,0.0,138.8,1021.2,Fall
2014-09-05,25.7,22.8,29.4,0.0,193.6,1020.1,Fall
2014-09-06,26.2,22.8,30.6,0.0,162.2,1013.0,Fall
2014-09-07,22.4,17.2,27.2,0.3,211.8,1017.6,Fall
2014-09-08,19.8,15.0,25.0,0.0,59.0,1025.9,Fall
2014-09-09,19.4,14.4,23.3,0.0,53.0,1024.4,Fall
2014-09-10,19.9,15.0,25.0,0.0,60.0,1019.4,Fall
2014-09-11,23.3,20.6,26.7,0.0,197.0,1015.1600000000001,Fall
2014-09-12,19.6,15.0,25.0,0.0,114.4,1018.3,Fall
2014-09-13,16.8,13.3,20.6,1.3800000000000001,40.0,1021.8,Fall
2014-09-14,15.7,11.7,20.6,0.0,50.6,1022.6,Fall
2014-09-15,15.1,10.0,20.6,0.0,250.0,1022.0,Fall
2014-09-16,15.9,12.2,20.0,0.3,201.4,1016.4,Fall
2014-09-17,16.0,8.9,21.1,0.0,279.2,1016.2,Fall
2014-09-18,16.8,9.4,23.9,0.0,209.8,1015.7,Fall
2014-09-19,14.9,10.6,17.8,0.0,61.0,1026.3,Fall
2014-09-20,19.0,12.2,23.9,0.0,159.0,1024.5,Fall
2014-09-21,22.6,19.4,25.6,1.3199999999999998,186.2,1014.3399999999999,Fall
2014-09-22,19.7,13.3,22.8,0.0,135.6,1009.9,Fall
2014-09-23,14.9,10.6,20.6,0.0,104.0,1025.5,Fall
2014-09-24,16.6,11.1,22.2,0.0,96.0,1033.7,Fall
2014-09-25,15.7,14.4,17.2,4.92,25.0,1028.5,Fall
2014-09-26,18.4,13.9,25.6,0.0,153.4,1022.1,Fall
2014-09-27,19.0,12.8,27.2,0.0,111.8,1021.9,Fall
2014-09-28,19.7,12.2,25.6,0.0,128.2,1019.7,Fall
2014-09-29,20.8,17.2,25.6,0.0,207.2,1014.5,Fall
2014-09-30,18.4,16.7,20.6,0.3,36.0,1014.9,Fall
2014-10-01,16.8,16.1,18.3,6.4799999999999995,10.0,1011.4399999999999,Fall
2014-10-02,16.8,14.4,18.9,0.0,18.0,1014.2400000000001,Fall
2014-10-03,15.4,9.4,20.0,0.0,75.0,1017.3,Fall
2014-10-04,17.9,15.6,21.7,2.08,150.0,1004.4,Fall
2014-10-05,13.0,9.4,16.1,0.0,245.2,1009.0,Fall
2014-10-06,14.3,4.4,21.1,0.0,175.0,1018.2,Fall
2014-10-07,20.7,18.3,23.3,0.0,187.0,1017.2,Fall
2014-10-08,20.7,18.3,22.8,0.9199999999999999,123.0,1010.0,Fall
2014-10-09,15.9,7.2,19.4,0.0,263.6,1014.7,Fall
2014-10-10,12.5,5.6,16.7,2.1399999999999997,252.6,1018.8,Fall
2014-10-11,10.3,6.7,12.2,3.3800000000000003,124.2,1019.1,Fall
2014-10-12,10.1,5.6,16.7,0.0,294.2,1024.1,Fall
2014-10-13,13.4,4.4,20.0,0.0,118.2,1026.6,Fall
2014-10-14,20.7,17.8,24.4,0.8,121.0,1023.1,Fall
2014-10-15,22.6,20.6,25.6,1.3,147.0,1017.2,Fall
2014-10-16,20.5,18.3,22.8,0.9199999999999999,130.0,1007.9,Fall
2014-10-17,18.5,15.6,21.1,0.0,140.0,1005.1,Fall
2014-10-18,18.2,16.1,20.0,0.0,111.6,1002.5,Fall
2014-10-19,11.8,7.2,15.6,0.0,329.0,1010.6,Fall
2014-10-20,11.2,6.1,16.7,0.0,258.6,1017.3,Fall
2014-10-21,15.0,10.0,20.6,4.6,30.0,1012.8,Fall
2014-10-22,12.9,10.6,15.6,2.0,15.0,1011.4,Fall
2014-10-23,12.2,10.6,14.4,3.6599999999999993,355.0,1004.2,Fall
2014-10-24,12.3,10.0,14.4,2.3,181.2,1007.5,Fall
2014-10-25,14.5,8.3,18.9,0.0,266.6,1006.9,Fall
2014-10-26,13.8,10.0,17.2,0.0,286.8,1002.7,Fall
2014-10-27,12.7,6.7,17.8,0.0,322.2,1013.5,Fall
2014-10-28,12.6,5.6,20.0,0.0,244.8,1015.9,Fall
2014-10-29,15.3,11.1,20.6,0.8,276.8,1015.7,Fall
2014-10-30,10.2,4.4,16.1,0.0,205.0,1014.6,Fall
2014-10-31,9.8,5.6,13.3,0.6,12.0,1014.9,Fall
2014-11-01,7.9,6.7,8.9,1.7200000000000002,8.0,1009.6,Fall
2014-11-02,7.3,6.1,10.0,0.0,338.0,1008.7,Fall
2014-11-03,8.7,4.4,13.9,0.0,276.0,1017.8,Fall
2014-11-04,13.5,4.4,18.3,0.0,131.0,1019.3,Fall
2014-11-05,14.8,7.8,17.8,0.0,260.4,1018.0,Fall
2014-11-06,10.1,7.8,11.7,7.3,64.4,1011.4,Fall
2014-11-07,9.1,5.6,11.1,0.0,313.0,1003.8,Fall
2014-11-08,6.9,2.8,10.0,0.0,219.0,1014.3,Fall
2014-11-09,9.9,5.0,13.9,0.0,221.6,1013.7,Fall
2014-11-10,8.4,1.7,15.6,0.0,268.6,1020.4,Fall
2014-11-11,11.5,3.9,17.8,0.0,273.4,1021.7999999999998,Fall
2014-11-12,13.5,8.3,16.1,0.0,241.4,1013.4,Fall
2014-11-13,7.5,3.9,10.6,1.6,132.4,1017.4,Fall
2014-11-14,4.6,3.3,7.2,1.28,332.0,1016.4,Fall
2014-11-15,2.3,-2.8,6.1,0.0,208.6,1025.4,Fall
2014-11-16,3.4,-4.4,8.3,0.0,195.0,1025.7,Fall
2014-11-17,7.4,4.4,12.8,5.04,205.4,1008.3,Fall
2014-11-18,3.3,-1.7,10.0,0.0,271.0,1008.3,Fall
2014-11-19,-0.2,-3.3,2.8,0.0,255.0,1020.8,Fall
2014-11-20,6.2,2.8,8.9,0.0,248.0,1013.2,Fall
2014-11-21,1.1,-1.7,3.9,0.0,307.0,1023.7,Fall
2014-11-22,3.9,-1.1,8.9,0.0,142.8,1027.8,Fall
2014-11-23,8.5,3.9,12.2,0.0,208.4,1021.1,Fall
2014-11-24,15.0,8.9,17.2,10.419999999999998,175.0,1007.4,Fall
2014-11-25,13.1,10.0,16.1,0.0,240.8,1013.5,Fall
2014-11-26,5.3,2.2,10.6,18.5,153.8,1010.6200000000001,Fall
2014-11-27,3.3,2.8,5.0,0.0,327.0,1013.7,Fall
2014-11-28,1.9,-0.6,4.4,0.0,321.0,1020.2,Fall
2014-11-29,0.5,-6.1,6.7,0.0,201.8,1026.3,Fall
2014-11-30,10.9,7.2,13.3,0.0,146.6,1020.5,Fall
2014-12-01,11.4,5.6,17.2,1.6,245.0,1021.2,Winter
2014-12-02,4.7,3.3,7.2,3.7,36.0,1034.3,Winter
2014-12-03,7.0,3.9,10.6,3.8200000000000003,119.0,1019.5,Winter
2014-12-04,5.3,0.0,8.9,0.0,129.6,1027.7,Winter
2014-12-05,3.6,-1.7,8.9,8.6,48.0,1034.0,Winter
2014-12-06,5.3,3.9,6.7,3.02,8.0,1023.3,Winter
2014-12-07,3.5,-2.8,6.1,2.9,5.0,1030.4,Winter
2014-12-08,-2.7,-6.1,0.6,0.0,18.0,1036.8,Winter
2014-12-09,4.0,0.6,7.2,0.22000000000000003,5.0,1021.9200000000001,Winter
2014-12-10,4.7,2.2,6.7,3.7,319.0,1000.3,Winter
2014-12-11,2.3,1.7,3.3,0.0,222.6,1005.4,Winter
2014-12-12,2.0,0.0,3.9,0.0,111.8,1013.0,Winter
2014-12-13,4.0,2.2,7.2,0.0,324.0,1012.4,Winter
2014-12-14,5.5,0.6,8.9,0.0,328.0,1011.4,Winter
2014-12-15,3.0,-1.7,8.3,0.0,248.0,1017.2,Winter
2014-12-16,3.6,0.0,8.3,2.3,19.0,1017.6,Winter
2014-12-17,8.4,5.0,12.2,5.9,35.6,1009.3,Winter
2014-12-18,6.0,3.9,7.8,0.0,285.8,1012.1,Winter
2014-12-19,3.0,0.6,5.0,0.0,324.0,1016.5,Winter
2014-12-20,0.4,-2.2,1.7,0.0,357.0,1024.4,Winter
2014-12-21,2.2,1.1,3.3,0.0,2.0,1013.9799999999999,Winter
2014-12-22,5.6,2.8,8.3,4.42,31.0,1025.8,Winter
2014-12-23,8.2,7.2,8.9,1.3,28.0,1020.6,Winter
2014-12-24,9.3,7.2,14.4,1.56,22.0,1011.6,Winter
2014-12-25,11.4,8.3,12.8,2.5799999999999996,257.0,1006.8,Winter
2014-12-26,7.5,4.4,11.1,0.0,163.4,1021.6,Winter
2014-12-27,5.4,-1.1,11.7,0.0,142.8,1022.1,Winter
2014-12-28,9.1,6.7,12.2,1.1,139.0,1013.4,Winter
2014-12-29,4.7,-0.6,7.2,0.0,194.2,1021.0,Winter
2014-12-30,-1.3,-3.9,0.6,0.0,343.0,1027.6,Winter
2014-12-31,-1.9,-6.7,0.6,0.0,182.6,1025.4,Winter
2015-01-01,1.2,-2.2,5.0,0.0,245.0,1017.8,Winter
2015-01-02,4.5,1.7,6.7,0.0,270.0,1021.9,Winter
2015-01-03,1.4,-4.4,6.7,9.0,66.0,1032.2,Winter
2015-01-04,5.8,1.7,11.7,0.06,209.8,1017.8399999999999,Winter
2015-01-05,3.5,-5.0,12.2,0.0,293.0,1017.7,Winter
2015-01-06,-5.7,-6.7,-4.4,1.8800000000000001,334.6,1024.4,Winter
2015-01-07,-5.9,-11.1,-2.8,0.0,294.0,1015.1,Winter
2015-01-08,-8.9,-14.4,-4.4,0.0,305.6,1026.3,Winter
2015-01-09,-1.3,-6.1,1.1,0.0,251.0,1017.8,Winter
2015-01-10,-5.0,-6.7,-2.8,0.0,285.0,1028.8,Winter
2015-01-11,-2.0,-8.3,3.9,0.0,46.8,1035.9,Winter
2015-01-12,3.6,2.8,4.4,0.0,144.2,1010.96,Winter
2015-01-13,-1.9,-7.8,3.9,0.0,1.0,1032.4,Winter
2015-01-14,-6.4,-9.4,-3.9,0.0,6.0,1029.6,Winter
2015-01-15,-3.2,-7.2,2.2,0.0,184.8,1017.7,Winter
2015-01-16,-0.7,-7.2,4.4,0.0,282.0,1011.9,Winter
2015-01-17,-6.1,-10.0,-1.1,0.0,278.0,1026.8,Winter
2015-01-18,2.6,-6.1,8.3,0.0,151.2,1019.1200000000001,Winter
2015-01-19,2.9,0.0,5.6,0.0,127.0,1007.4,Winter
2015-01-20,1.1,-0.6,2.2,0.0,120.4,1012.5,Winter
2015-01-21,-2.3,-6.7,1.7,0.0,191.6,1020.4,Winter
2015-01-22,-0.1,-1.7,2.8,0.0,238.4,1022.9,Winter
2015-01-23,-0.5,-3.3,2.2,0.0,248.0,1022.9,Winter
2015-01-24,1.4,0.6,2.8,0.2,341.0,999.7,Winter
2015-01-25,1.4,-4.4,4.4,0.0,287.0,1006.0,Winter
2015-01-26,-5.8,-7.2,-4.4,0.0,17.0,1014.9,Winter
2015-01-27,-6.5,-9.4,-3.3,0.0,343.0,1003.2,Winter
2015-01-28,-6.2,-9.4,-1.7,0.0,333.0,1016.0,Winter
2015-01-29,-4.7,-10.6,0.6,0.0,261.6,1023.6,Winter
2015-01-30,-0.6,-7.8,1.7,0.0,150.2,1022.1599999999999,Winter
2015-01-31,-8.6,-12.8,-5.0,0.0,323.0,1016.8,Winter
2015-02-01,-4.9,-14.4,1.1,0.0,327.8,1020.9,Winter
2015-02-02,-5.9,-8.9,-0.6,0.0,19.0,1004.4,Winter
2015-02-03,-8.3,-13.3,-4.4,0.0,322.4,1022.3,Winter
2015-02-04,-2.7,-13.3,2.8,0.0,268.0,1021.6,Winter
2015-02-05,-3.1,-10.6,2.2,0.0,259.8,1014.9,Winter
2015-02-06,-8.5,-12.8,-4.4,0.0,318.4,1021.4,Winter
2015-02-07,-3.1,-6.1,-1.1,0.0,121.4,1018.9,Winter
2015-02-08,-0.4,-6.7,2.2,0.0,41.0,1024.7599999999998,Winter
2015-02-09,-6.3,-7.8,-5.6,0.0,19.0,1016.1,Winter
2015-02-10,-2.6,-6.1,1.1,0.0,8.0,1017.1,Winter
2015-02-11,-4.4,-7.8,-1.7,0.0,18.0,1016.7,Winter
2015-02-12,-3.4,-8.9,1.1,0.0,247.4,1008.9,Winter
2015-02-13,-11.0,-15.0,-6.7,0.0,302.8,1017.4,Winter
2015-02-14,-8.0,-18.3,0.0,0.0,252.0,1009.3,Winter
2015-02-15,-9.0,-16.1,-5.6,0.0,330.0,1004.6,Winter
2015-02-16,-12.0,-17.8,-6.7,0.0,307.0,1018.4,Winter
2015-02-17,-8.8,-11.7,-5.0,0.0,252.6,1013.6,Winter
2015-02-18,-7.1,-14.4,-1.7,0.0,298.8,1010.5,Winter
2015-02-19,-7.2,-12.2,-3.9,0.0,255.2,1007.0,Winter
2015-02-20,-11.8,-16.7,-6.7,0.0,280.0,1021.4,Winter
2015-02-21,-7.2,-18.9,-0.6,0.0,315.2,1029.6,Winter
2015-02-22,-0.6,-4.4,2.8,0.0,183.6,1021.0,Winter
2015-02-23,-6.3,-14.4,-0.6,0.0,332.0,1024.2,Winter
2015-02-24,-11.7,-18.9,-5.6,0.0,307.2,1022.8,Winter
2015-02-25,-4.1,-13.3,2.2,0.0,296.4,1010.3,Winter
2015-02-26,-5.6,-6.7,-4.4,0.0,2.0,1016.6,Winter
2015-02-27,-6.1,-8.9,-2.8,0.0,336.0,1027.7,Winter
2015-02-28,-7.4,-12.2,-1.7,0.0,274.4,1040.2,Winter
2015-03-01,-6.6,-14.4,-2.2,0.0,319.2,1033.7,Spring
2015-03-02,-0.7,-2.8,2.2,0.0,228.6,1019.5,Spring
2015-03-03,-3.7,-7.2,0.0,9.4,146.2,1025.4,Spring
2015-03-04,2.3,0.6,5.0,1.72,149.2,1009.9,Spring
2015-03-05,-3.0,-6.1,2.8,0.0,184.0,1019.0,Spring
2015-03-06,-7.4,-12.2,-4.4,0.0,295.0,1030.6,Spring
2015-03-07,-3.1,-8.3,1.1,0.0,254.2,1021.6,Spring
2015-03-08,1.8,-5.6,7.2,0.0,306.2,1017.4,Spring
2015-03-09,1.4,-7.2,9.4,0.0,255.0,1020.7,Spring
2015-03-10,1.8,-5.0,8.3,0.0,139.4,1023.7,Spring
2015-03-11,5.7,1.7,12.2,0.3,162.2,1013.6,Spring
2015-03-12,3.8,1.7,5.6,0.0,321.0,1026.6,Spring
2015-03-13,-0.4,-5.6,2.2,0.0,40.0,1035.1,Spring
2015-03-14,3.1,-0.6,7.2,0.45999999999999996,184.2,1017.3,Spring
2015-03-15,4.2,2.2,6.1,0.0,186.8,1006.6,Spring
2015-03-16,2.8,0.0,5.6,0.0,195.8,1013.1,Spring
2015-03-17,4.2,0.6,10.6,3.7,174.8,1004.1,Spring
2015-03-18,-0.7,-2.2,1.1,0.0,320.0,1015.2,Spring
2015-03-19,-1.0,-4.4,3.3,0.0,255.0,1024.7,Spring
2015-03-20,-2.1,-5.0,0.0,0.0,195.6,1026.4,Spring
2015-03-21,0.2,-2.2,4.4,2.1399999999999997,313.0,1015.5,Spring
2015-03-22,1.0,-3.3,3.9,0.0,312.0,1016.0,Spring
2015-03-23,-2.7,-6.7,1.7,0.0,316.0,1022.4,Spring
2015-03-24,-2.0,-5.0,1.1,0.0,195.6,1026.6,Spring
2015-03-25,0.3,-6.7,6.7,0.0,100.6,1027.8,Spring
2015-03-26,6.1,3.3,11.7,3.3,228.0,1015.2,Spring
2015-03-27,5.9,3.9,7.8,3.7600000000000002,339.0,1006.3,Spring
2015-03-28,1.0,-1.7,3.9,2.66,331.0,1009.3,Spring
2015-03-29,0.9,-3.3,6.1,0.0,313.0,1021.2,Spring
2015-03-30,4.1,0.6,9.4,0.0,247.8,1011.9,Spring
2015-03-31,4.1,2.2,6.7,0.0,268.0,1009.1,Spring
2015-04-01,4.6,-1.7,9.4,0.0,326.0,1015.6,Spring
2015-04-02,4.3,-3.9,12.2,0.0,262.0,1020.5,Spring
2015-04-03,11.960256410256408,7.5301282051282055,16.163221153846152,0.8586802030456853,184.14252336448598,1016.8318259385665,Spring
2015-04-04,8.2,0.6,10.6,7.06,267.6,1007.3,Spring
2015-04-05,5.1,-2.2,10.6,0.0,191.6,1021.3,Spring
2015-04-06,5.6,-0.6,10.6,0.0,144.2,1024.6,Spring
2015-04-07,7.4,5.6,8.9,0.72,97.0,1023.7,Spring
2015-04-08,5.4,2.8,7.2,0.72,60.0,1027.3,Spring
2015-04-09,4.0,2.2,6.7,0.0,36.0,1025.7,Spring
2015-04-10,5.3,3.3,7.8,0.5,286.0,1014.1,Spring
2015-04-11,9.7,6.7,13.3,0.0,108.0,1013.3,Spring
2015-04-12,7.8,1.1,13.9,0.0,147.0,1024.9,Spring
2015-04-13,8.6,0.6,16.1,0.0,165.0,1026.0,Spring
2015-04-14,12.1,9.4,19.4,0.0,177.2,1020.0,Spring
2015-04-15,14.8,8.3,20.6,0.0,340.0,1021.2,Spring
2015-04-16,9.7,1.7,14.4,0.0,132.2,1029.8,Spring
2015-04-17,11.2,7.8,16.7,0.0,204.6,1017.5,Spring
2015-04-18,13.9,5.6,20.0,0.0,274.4,1013.6,Spring
2015-04-19,10.6,6.1,16.7,0.0,97.0,1022.8,Spring
2015-04-20,8.9,6.7,11.7,1.6800000000000002,89.0,1012.5,Spring
2015-04-21,12.9,9.4,17.8,9.1,266.4,1003.3,Spring
2015-04-22,10.1,1.7,16.1,0.0,218.0,1005.7,Spring
2015-04-23,7.3,5.0,10.0,0.0,288.0,1005.5,Spring
2015-04-24,5.4,3.3,7.2,0.0,314.0,1009.8,Spring
2015-04-25,7.2,1.7,12.8,0.0,229.6,1008.8,Spring
2015-04-26,8.9,1.7,13.9,0.0,239.6,1004.8,Spring
2015-04-27,12.3,9.4,15.0,0.0,329.0,1003.4,Spring
2015-04-28,13.3,8.3,18.9,0.0,330.0,1006.3,Spring
2015-04-29,14.2,7.8,23.3,0.0,347.0,1005.3,Spring
2015-04-30,10.3,4.4,15.0,0.0,83.0,1009.9,Spring
2015-05-01,10.1,8.3,13.3,0.0,190.0,1014.7,Spring
2015-05-02,9.1,3.3,14.4,0.0,249.4,1015.6,Spring
2015-05-03,12.5,6.1,20.0,0.0,130.0,1018.5,Spring
2015-05-04,14.6,6.1,21.7,0.0,123.4,1021.8,Spring
2015-05-05,17.6,11.7,23.9,0.0,103.8,1021.6,Spring
2015-05-06,15.6,8.9,19.4,10.44,142.0,1024.0,Spring
2015-05-07,14.1,5.6,23.3,0.0,150.8,1022.3,Spring
2015-05-08,15.3,10.6,23.3,0.0,180.0,1021.1,Spring
2015-05-09,13.5,10.0,18.3,0.0,110.0,1025.5,Spring
2015-05-10,17.6,12.8,24.4,0.0,139.6,1022.0,Spring
2015-05-11,19.4,15.6,25.0,0.0,128.6,1019.1,Spring
2015-05-12,20.7,16.7,24.4,0.3,123.0,1009.8,Spring
2015-05-13,16.1,12.8,19.4,0.0,320.0,1016.4,Spring
2015-05-14,14.0,8.3,18.9,0.0,79.6,1026.6,Spring
2015-05-15,13.1,6.1,21.1,0.0,90.0,1025.3,Spring
2015-05-16,15.1,12.8,18.3,0.38,116.0,1014.14,Spring
2015-05-17,19.0,13.3,25.0,0.0,128.2,1019.6,Spring
2015-05-18,14.9,12.8,17.8,0.0,107.0,1021.5,Spring
2015-05-19,14.1,11.7,17.8,0.0,292.8,1013.6,Spring
2015-05-20,14.1,10.6,17.8,0.0,319.0,1011.1,Spring
2015-05-21,12.4,8.9,16.7,0.0,285.2,1014.5,Spring
2015-05-22,16.3,11.1,21.7,0.0,257.8,1012.6,Spring
2015-05-23,12.3,8.3,15.6,0.0,275.0,1026.5,Spring
2015-05-24,15.8,10.6,22.2,0.0,60.0,1026.1,Spring
2015-05-25,18.2,11.7,24.4,0.0,68.4,1023.8,Spring
2015-05-26,19.6,15.0,25.6,0.0,153.4,1022.3,Spring
2015-05-27,19.4,16.1,23.9,0.0,182.0,1021.6,Spring
2015-05-28,19.8,16.1,24.4,0.0,161.0,1021.1,Spring
2015-05-29,20.1,13.9,25.0,0.0,78.4,1024.6,Spring
2015-05-30,19.9,15.0,25.6,0.0,142.4,1021.5,Spring
2015-05-31,19.8,12.8,26.1,0.0,128.2,1018.5,Spring
2015-06-01,11.5,9.4,13.3,3.66,41.0,1021.2,Summer
2015-06-02,10.5,8.9,12.2,3.66,20.0,1020.7,Summer
2015-06-03,13.1,8.3,18.3,0.0,122.6,1023.2,Summer
2015-06-04,13.2,9.4,17.8,0.0,90.0,1025.0,Summer
2015-06-05,14.7,10.6,18.3,0.0,143.8,1018.7,Summer
2015-06-06,18.4,12.2,25.0,2.42,219.0,1013.2,Summer
2015-06-07,15.7,10.0,21.1,0.0,240.6,1021.1,Summer
2015-06-08,17.8,13.9,22.2,0.0,183.0,1014.8,Summer
2015-06-09,20.1,16.7,23.9,0.86,114.2,1006.2,Summer
2015-06-10,20.3,14.4,25.6,0.0,173.4,1010.6,Summer
2015-06-11,22.3,17.2,28.9,0.0,225.2,1011.4,Summer
2015-06-12,23.7,18.3,28.3,0.0,194.8,1013.3,Summer
2015-06-13,24.4,20.0,29.4,0.0,235.0,1012.4,Summer
2015-06-14,22.1,15.6,28.3,0.0,212.0,1017.4,Summer
2015-06-15,17.8,17.2,18.9,6.6,96.0,1015.9,Summer
2015-06-16,18.6,16.7,21.1,1.94,82.8,1012.2,Summer
2015-06-17,20.7,17.2,25.0,0.0,36.0,1018.6,Summer
2015-06-18,18.5,16.1,21.1,0.0,76.0,1018.1,Summer
2015-06-19,22.1,17.8,27.8,1.48,215.8,1012.8,Summer
2015-06-20,18.6,16.7,21.7,1.54,68.0,1017.9,Summer
2015-06-21,22.7,18.3,29.4,0.16,254.2,1014.74,Summer
2015-06-22,23.7,18.9,28.3,0.0,198.4,1012.8,Summer
2015-06-23,22.9,18.3,26.7,6.3,195.0,1010.8,Summer
2015-06-24,23.5,18.9,27.2,0.0,192.2,1014.1,Summer
2015-06-25,20.9,13.9,25.6,0.0,162.0,1016.4,Summer
2015-06-26,21.3,18.3,23.9,0.0,123.6,1015.3,Summer
2015-06-27,17.5,14.4,20.6,6.9,61.6,1019.3,Summer
2015-06-28,16.5,14.4,18.3,6.7,16.0,1012.32,Summer
2015-06-29,19.1,15.6,22.8,0.0,127.0,1010.9,Summer
2015-06-30,21.3,15.6,26.1,0.0,221.0,1014.4,Summer
2015-07-01,23.3,21.1,26.1,6.8,182.0,1008.8,Summer
2015-07-02,21.6,16.7,25.0,0.0,159.6,1011.8,Summer
2015-07-03,20.8,17.2,23.9,0.0,274.0,1014.2,Summer
2015-07-04,19.9,15.6,23.3,0.0,201.6,1014.9,Summer
2015-07-05,20.4,13.9,25.6,0.0,141.0,1019.0,Summer
2015-07-06,21.8,16.7,27.2,0.0,129.2,1021.0,Summer
2015-07-07,23.8,20.6,26.7,0.0,173.0,1017.0,Summer
2015-07-08,24.2,21.7,28.3,0.3,213.0,1013.5,Summer
2015-07-09,21.3,20.0,23.3,0.86,78.0,1014.1,Summer
2015-07-10,23.5,19.4,27.2,0.12,222.6,1012.5,Summer
2015-07-11,23.7,17.8,28.3,0.0,312.0,1017.2,Summer
2015-07-12,23.6,17.2,28.3,0.0,263.8,1016.1,Summer
2015-07-13,23.7,18.9,28.3,0.0,201.6,1012.6,Summer
2015-07-14,23.5,21.1,27.8,0.06,123.0,1005.5,Summer
2015-07-15,24.3,21.7,26.7,0.0,171.4,1004.2,Summer
2015-07-16,20.4,16.1,23.9,0.0,202.4,1015.9,Summer
2015-07-17,20.6,13.9,25.0,0.0,114.4,1018.7,Summer
2015-07-18,23.0,21.1,26.7,0.0,183.0,1014.5,Summer
2015-07-19,25.9,21.1,31.1,0.0,181.8,1009.7,Summer
2015-07-20,28.3,23.9,32.8,0.0,158.4,1005.3,Summer
2015-07-21,25.2,21.7,29.4,0.86,166.8,1003.3,Summer
2015-07-22,23.9,18.9,28.3,0.0,160.0,1006.5,Summer
2015-07-23,22.5,15.6,26.7,0.0,249.8,1012.0,Summer
2015-07-24,22.3,15.0,26.1,0.0,221.0,1013.3,Summer
2015-07-25,22.7,17.2,27.2,0.0,211.8,1015.5,Summer
2015-07-26,23.9,21.7,27.8,9.9,180.0,1015.6,Summer
2015-07-27,23.6,21.1,27.2,6.5,166.8,1016.2,Summer
2015-07-28,25.4,20.0,30.6,0.0,247.2,1015.1,Summer
2015-07-29,26.6,20.6,31.7,0.0,245.2,1014.2,Summer
2015-07-30,25.2,23.3,28.9,3.0,169.4,1011.6,Summer
2015-07-31,25.0,21.1,30.6,0.0,181.8,1009.8,Summer
2015-08-01,24.1,18.9,29.4,0.0,193.2,1008.6,Summer
2015-08-02,23.5,16.7,28.9,0.0,228.2,1012.3,Summer
2015-08-03,25.0,20.0,30.0,0.0,183.6,1010.1,Summer
2015-08-04,26.0,22.8,30.0,1.0,158.4,1010.4,Summer
2015-08-05,23.5,17.2,28.9,0.0,228.2,1011.9,Summer
2015-08-06,21.4,16.1,25.0,0.0,207.2,1013.9,Summer
2015-08-07,22.0,16.7,26.7,0.0,191.2,1013.2,Summer
2015-08-08,21.3,16.1,25.6,0.0,207.2,1014.9,Summer
2015-08-09,21.8,16.1,27.2,0.0,56.0,1016.0,Summer
2015-08-10,21.9,16.1,26.7,0.0,156.8,1017.5,Summer
2015-08-11,22.8,21.1,24.4,1.56,173.0,1010.2,Summer
2015-08-12,23.2,20.6,27.8,5.3,182.0,1009.6,Summer
2015-08-13,22.1,17.2,26.1,0.0,216.6,1016.0,Summer
2015-08-14,22.1,14.4,27.8,0.0,108.4,1020.3,Summer
2015-08-15,24.5,18.3,29.4,0.0,253.8,1019.2,Summer
2015-08-16,25.4,21.1,29.4,0.0,217.0,1019.1,Summer
2015-08-17,25.6,20.0,30.6,0.0,246.8,1017.9,Summer
2015-08-18,25.9,21.7,30.0,0.0,212.8,1016.8,Summer
2015-08-19,25.8,21.7,29.4,0.0,162.0,1012.4199999999998,Summer
2015-08-20,25.5,23.9,28.9,0.0,122.0,1015.1600000000001,Summer
2015-08-21,23.5,21.1,25.0,0.68,150.4,1016.1,Summer
2015-08-22,23.3,18.3,28.9,0.0,298.6,1018.0,Summer
2015-08-23,23.0,18.9,26.7,0.8,129.8,1015.5,Summer
2015-08-24,24.5,21.7,27.8,2.06,201.2,1012.5,Summer
2015-08-25,25.4,22.8,28.3,0.0,169.0,1011.1,Summer
2015-08-26,22.5,18.3,26.7,0.0,185.0,1013.4,Summer
2015-08-27,21.1,16.7,26.1,0.0,159.6,1016.9,Summer
2015-08-28,20.3,15.6,24.4,0.0,138.6,1020.8,Summer
2015-08-29,21.0,13.9,26.7,0.0,134.8,1021.5,Summer
2015-08-30,24.5,21.1,28.3,0.0,183.6,1018.1,Summer
2015-08-31,25.7,23.3,28.9,0.0,193.2,1015.2,Summer
2015-09-01,24.8,20.0,29.4,0.0,348.0,1016.7,Fall
2015-09-02,23.7,17.8,29.4,0.0,228.8,1015.2,Fall
2015-09-03,24.4,18.3,28.9,0.0,244.0,1011.2,Fall
2015-09-04,24.1,20.0,27.8,0.0,206.0,1018.0,Fall
2015-09-05,20.0,14.4,24.4,0.0,92.0,1024.4,Fall
2015-09-06,20.6,13.9,26.7,0.0,118.2,1022.6,Fall
2015-09-07,23.9,16.1,29.4,0.0,264.0,1018.2,Fall
2015-09-08,26.4,23.3,32.2,0.96,197.6,1015.3,Fall
2015-09-09,25.9,23.9,30.0,2.3800000000000003,171.6,1012.8,Fall
2015-09-10,22.7,19.4,25.0,3.04,202.8,1009.7,Fall
2015-09-11,20.2,16.7,25.6,1.6799999999999997,130.0,1007.2,Fall
2015-09-12,20.4,16.1,25.0,4.1,130.0,1009.0,Fall
2015-09-13,21.2,17.2,25.6,0.0,123.2,1016.7199999999999,Fall
2015-09-14,18.3,14.4,22.2,0.0,92.2,1014.8,Fall
2015-09-15,19.8,10.6,25.6,0.0,88.0,1024.6,Fall
2015-09-16,20.5,13.9,26.7,0.0,68.0,1025.4,Fall
2015-09-17,21.3,13.9,27.8,0.0,75.0,1020.6,Fall
2015-09-18,21.3,14.4,27.8,0.0,180.2,1016.9,Fall
2015-09-19,23.0,19.4,26.7,0.0,194.0,1014.1,Fall
2015-09-20,21.9,15.6,25.0,0.0,345.0,1014.8,Fall
2015-09-21,16.6,10.6,22.8,0.0,36.0,1022.5,Fall
2015-09-22,17.5,13.9,21.7,0.0,48.0,1025.1,Fall
2015-09-23,16.1,10.6,22.2,0.0,85.0,1024.1,Fall
2015-09-24,18.7,12.2,25.0,0.0,55.0,1025.4,Fall
2015-09-25,17.1,12.8,21.7,0.0,55.0,1028.4,Fall
2015-09-26,16.2,12.2,21.7,0.0,54.0,1030.8,Fall
2015-09-27,14.3,7.8,21.1,0.0,89.0,1030.6,Fall
2015-09-28,18.8,13.3,25.6,0.0,88.0,1023.9,Fall
2015-09-29,22.1,18.3,26.7,7.4,114.0,1013.04,Fall
2015-09-30,21.7,16.7,24.4,0.06,47.0,1011.7,Fall
2015-10-01,14.3,12.2,16.7,1.54,15.0,1018.3,Fall
2015-10-02,10.2,8.9,12.8,0.9800000000000001,25.0,1023.2,Fall
2015-10-03,10.0,8.3,11.7,0.6599999999999999,33.0,1026.9,Fall
2015-10-04,12.7,9.4,17.8,0.0,35.0,1026.9,Fall
2015-10-05,12.0,7.8,18.3,0.0,18.0,1021.8,Fall
2015-10-06,13.1,7.8,20.0,0.0,269.8,1016.2,Fall
2015-10-07,15.4,10.6,21.1,0.0,268.6,1015.0,Fall
2015-10-08,14.3,7.2,18.9,0.0,130.0,1019.5,Fall
2015-10-09,18.2,11.7,21.1,0.0,136.6,1013.5,Fall
2015-10-10,12.7,7.8,16.7,0.0,214.8,1017.3,Fall
2015-10-11,12.5,3.9,18.9,0.0,305.2,1014.3,Fall
2015-10-12,15.8,7.8,21.7,0.0,323.0,1009.8,Fall
2015-10-13,17.4,12.8,21.7,0.3,177.4,1002.1,Fall
2015-10-14,16.0,12.2,20.0,0.0,168.2,1006.0,Fall
2015-10-15,12.5,3.3,16.1,0.0,194.2,1014.0,Fall
2015-10-16,14.1,7.8,17.2,0.0,308.6,1013.9,Fall
2015-10-17,8.8,4.4,12.2,0.0,266.2,1017.9,Fall
2015-10-18,4.1,-0.6,7.8,0.0,337.0,1024.5,Fall
2015-10-19,4.0,-5.0,11.1,0.0,152.4,1029.1,Fall
2015-10-20,14.0,10.6,18.3,0.0,227.0,1022.6,Fall
2015-10-21,15.5,10.0,21.1,0.0,77.6,1024.8,Fall
2015-10-22,15.6,8.3,19.4,0.0,235.6,1020.5,Fall
2015-10-23,10.8,3.9,16.1,0.0,346.0,1022.5,Fall
2015-10-24,7.4,1.1,12.2,0.0,74.0,1027.9,Fall
2015-10-25,14.6,11.1,18.3,0.8800000000000001,240.0,1015.5600000000001,Fall
2015-10-26,8.1,1.7,13.3,0.0,116.8,1029.0,Fall
2015-10-27,7.7,2.8,13.9,0.0,86.4,1034.0,Fall
2015-10-28,12.6,5.6,18.9,0.0,82.0,1023.1,Fall
2015-10-29,18.3,15.0,20.6,0.06,216.0,1002.1,Fall
2015-10-30,12.2,7.8,16.7,0.0,220.8,1011.7,Fall
2015-10-31,7.3,-0.6,11.7,0.0,166.0,1021.3,Fall
2015-11-01,14.2,11.7,16.1,0.0,221.0,1013.9,Fall
2015-11-02,11.3,6.1,15.6,0.0,246.8,1017.7,Fall
2015-11-03,10.9,3.9,19.4,0.0,195.8,1021.4,Fall
2015-11-04,12.1,6.1,18.3,0.0,187.4,1027.2,Fall
2015-11-05,14.1,7.2,16.7,7.3199999999999985,139.4,1024.2,Fall
2015-11-06,17.7,16.1,20.6,0.0,66.0,1014.4799999999999,Fall
2015-11-07,15.1,11.1,18.3,0.0,297.8,1015.2,Fall
2015-11-08,9.1,2.2,13.3,0.0,186.0,1026.1,Fall
2015-11-09,7.2,-1.1,13.9,0.0,168.0,1029.6,Fall
2015-11-10,9.2,7.2,10.6,1.42,108.4,1019.2,Fall
2015-11-11,9.0,7.2,11.1,2.2199999999999998,2.0,1011.7800000000001,Fall
2015-11-12,11.8,8.3,15.0,3.3,114.4,1008.5,Fall
2015-11-13,12.2,7.8,15.0,0.0,263.0,1002.8,Fall
2015-11-14,7.1,3.9,8.9,0.0,236.2,1014.8,Fall
2015-11-15,8.2,-0.6,12.2,0.0,159.0,1022.5,Fall
2015-11-16,9.0,0.6,17.8,0.0,212.0,1022.5,Fall
2015-11-17,3.9,-1.1,8.3,0.0,66.0,1033.4,Fall
2015-11-18,6.5,-1.7,12.8,0.0,69.0,1033.1,Fall
2015-11-19,14.2,11.7,15.6,13.3,125.0,1022.9,Fall
2015-11-20,11.9,3.9,16.1,10.7,200.2,1018.1,Fall
2015-11-21,7.3,3.3,10.0,0.0,78.0,1022.4,Fall
2015-11-22,9.5,6.7,11.7,0.0,111.4,1012.4,Fall
2015-11-23,3.4,1.1,5.6,0.0,335.0,1015.8,Fall
2015-11-24,0.8,-6.1,6.7,0.0,149.2,1027.5,Fall
2015-11-25,3.2,-3.3,9.4,0.0,88.4,1040.2,Fall
2015-11-26,5.9,-1.7,13.3,0.0,107.4,1041.8,Fall
2015-11-27,9.0,2.8,15.0,0.0,202.6,1019.64,Fall
2015-11-28,10.3,6.7,14.4,0.9800000000000001,222.6,1021.3,Fall
2015-11-29,4.2,0.0,9.4,0.0,2.0,1024.2,Fall
2015-11-30,1.9,-2.2,6.1,0.0,30.0,1030.1,Fall
2015-12-01,5.1,1.7,9.4,4.42,34.0,1023.0,Winter
2015-12-02,7.5,4.4,11.7,4.88,207.0,1010.2,Winter
2015-12-03,8.8,5.6,10.6,0.0,132.6,1010.3,Winter
2015-12-04,5.6,-1.7,9.4,0.0,149.0,1028.9,Winter
2015-12-05,4.3,-2.2,9.4,0.0,87.8,1037.0,Winter
2015-12-06,3.6,-4.4,10.6,0.0,86.4,1030.6,Winter
2015-12-07,5.0,-1.7,10.6,0.0,271.4,1019.7,Winter
2015-12-08,5.6,3.9,8.9,0.0,10.0,1019.0,Winter
2015-12-09,6.2,-2.2,10.6,0.0,271.4,1019.9,Winter
2015-12-10,9.5,4.4,12.8,0.12,213.2,1014.7,Winter
2015-12-11,9.2,4.4,12.8,0.0,158.8,1013.5,Winter
2015-12-12,11.6,5.0,16.1,0.0,301.6,1019.2,Winter
2015-12-13,12.0,10.0,15.0,0.0,152.4,1020.8,Winter
2015-12-14,12.1,10.6,15.0,11.2,117.0,1011.2,Winter
2015-12-15,13.7,9.4,16.1,0.3,298.0,999.9,Winter
2015-12-16,7.4,2.2,9.4,0.0,74.0,1018.6,Winter
2015-12-17,10.9,7.8,12.8,16.1,103.0,1016.0200000000001,Winter
2015-12-18,7.8,3.9,11.1,0.3,246.4,1005.3,Winter
2015-12-19,2.9,2.2,3.9,0.0,274.0,1015.9,Winter
2015-12-20,3.1,1.1,5.6,0.0,78.6,1029.9,Winter
2015-12-21,8.5,3.9,10.6,0.0,224.0,1024.0,Winter
2015-12-22,11.4,10.0,12.8,7.18,71.8,1012.5600000000001,Winter
2015-12-23,9.9,5.0,14.4,0.1,246.8,1019.6,Winter
2015-12-24,14.3,8.9,16.7,1.3,192.0,1010.74,Winter
2015-12-25,12.0,8.9,17.2,0.0,150.0,1021.0,Winter
2015-12-26,10.5,9.4,13.9,0.0,59.0,1029.9,Winter
2015-12-27,10.5,8.3,13.9,0.32,209.0,1014.5,Winter
2015-12-28,2.9,0.0,6.1,0.0,8.0,1029.2,Winter
2015-12-29,1.1,-1.1,3.3,0.0,25.0,1021.3,Winter
2015-12-30,1.9,0.6,3.3,0.5,20.0,1024.3,Winter
2015-12-31,5.2,1.1,8.3,5.9,333.0,1016.9,Winter
2016-01-01,4.1,1.7,6.7,0.0,256.6,1015.6,Winter
2016-01-02,1.8,0.0,3.9,0.0,232.2,1015.7,Winter
2016-01-03,3.7,1.7,6.7,0.0,190.6,1010.5,Winter
2016-01-04,-3.5,-10.0,2.2,0.0,334.0,1016.8,Winter
2016-01-05,-7.7,-12.8,-1.7,0.0,344.0,1033.7,Winter
2016-01-06,-1.9,-11.1,4.4,0.0,182.0,1032.9,Winter
2016-01-07,-1.0,-7.8,5.0,0.0,138.6,1025.8,Winter
2016-01-08,1.7,-3.9,7.8,0.0,23.0,1023.1,Winter
2016-01-09,5.1,-0.6,8.3,0.0,53.0,1022.2,Winter
2016-01-10,9.9,6.7,13.9,0.82,137.0,1016.0799999999999,Winter
2016-01-11,1.3,-2.8,6.1,0.0,283.0,1010.5,Winter
2016-01-12,-0.8,-7.8,6.1,0.0,257.4,1011.6,Winter
2016-01-13,-2.8,-4.4,0.6,0.0,283.0,1011.2,Winter
2016-01-14,-1.8,-5.6,2.2,0.0,263.0,1013.8,Winter
2016-01-15,3.6,-3.3,8.3,0.0,290.6,1011.3,Winter
2016-01-16,5.3,2.2,8.9,3.7600000000000002,324.0,999.3,Winter
2016-01-17,1.1,-1.1,5.0,2.7600000000000002,352.0,1008.2,Winter
2016-01-18,-3.4,-6.1,-1.1,0.0,292.0,1007.4,Winter
2016-01-19,-4.5,-7.2,-1.7,0.0,291.0,1013.2,Winter
2016-01-20,-1.2,-5.0,2.8,0.0,175.8,1019.3,Winter
2016-01-21,-1.6,-3.9,1.7,0.0,330.0,1019.4,Winter
2016-01-22,-3.7,-7.2,-1.1,0.0,356.0,1023.0,Winter
2016-01-23,-2.8,-5.0,-1.1,0.1,23.0,1009.5,Winter
2016-01-24,-2.0,-6.7,2.2,0.0,332.0,1012.0,Winter
2016-01-25,-1.8,-11.7,1.7,0.0,266.6,1023.8,Winter
2016-01-26,0.8,-7.2,6.7,0.0,272.2,1017.3,Winter
2016-01-27,4.3,-1.7,7.8,0.0,239.6,1015.6,Winter
2016-01-28,-1.3,-7.8,5.6,0.0,240.2,1013.6,Winter
2016-01-29,1.6,-1.1,5.0,0.0,228.0,1000.2,Winter
2016-01-30,0.6,-2.8,3.9,0.0,251.0,1015.4,Winter
2016-01-31,3.9,-0.6,8.3,0.0,247.8,1013.0,Winter
2016-02-01,6.7,-0.6,15.0,0.0,225.4,1009.8,Winter
2016-02-02,4.2,-0.6,10.0,0.0,187.6,1024.8,Winter
2016-02-03,7.0,-1.1,12.2,0.0,262.0,1020.1,Winter
2016-02-04,10.0,6.1,12.2,0.22000000000000003,312.0,1015.0,Winter
2016-02-05,1.4,-2.8,5.0,2.1399999999999997,337.0,1019.1,Winter
2016-02-06,-0.6,-8.3,2.8,0.0,91.2,1027.2,Winter
2016-02-07,0.1,-6.7,5.0,0.0,253.2,1020.2,Winter
2016-02-08,-1.7,-5.0,2.8,0.0,13.0,1021.72,Winter
2016-02-09,-3.3,-7.2,0.0,0.1,142.6,1004.3,Winter
2016-02-10,0.0,-4.4,3.9,0.1,142.0,1002.8,Winter
2016-02-11,-4.2,-8.3,0.0,0.0,292.0,1011.1,Winter
2016-02-12,-7.2,-11.1,-4.4,0.0,321.4,1020.0,Winter
2016-02-13,-8.9,-16.1,-5.6,0.0,294.0,1016.1,Winter
2016-02-14,-16.4,-21.1,-11.7,0.0,332.0,1031.0,Winter
2016-02-15,-10.7,-16.7,-3.3,0.0,259.4,1031.5,Winter
2016-02-16,5.6,-2.2,10.0,6.3,236.0,1008.1,Winter
2016-02-17,2.7,1.1,3.9,0.0,185.0,1014.1,Winter
2016-02-18,-0.9,-3.3,1.7,0.0,335.0,1028.0,Winter
2016-02-19,-1.8,-6.7,2.8,0.0,116.0,1031.7,Winter
2016-02-20,6.6,2.8,11.7,0.0,204.0,1013.5,Winter
2016-02-21,7.1,0.0,12.2,0.3,208.6,1012.0,Winter
2016-02-22,4.1,0.0,7.8,0.0,340.0,1019.6,Winter
2016-02-23,1.8,-1.1,3.9,0.0,53.0,1026.7,Winter
2016-02-24,5.8,2.2,13.3,0.06,39.0,1019.74,Winter
2016-02-25,8.2,4.4,13.3,10.7,209.0,992.2,Winter
2016-02-26,1.1,-2.8,4.4,0.0,302.0,1008.3,Winter
2016-02-27,-0.6,-3.9,3.3,0.0,240.0,1017.3,Winter
2016-02-28,5.8,2.8,11.1,0.0,220.0,1012.1,Winter
2016-02-29,7.7,3.9,12.2,0.8,226.0,1005.1,Winter
2016-03-01,5.1,2.2,7.2,3.3,139.0,1016.9,Spring
2016-03-02,5.3,-2.8,9.4,1.26,277.0,1005.1,Spring
2016-03-03,-1.7,-5.0,1.1,0.0,270.0,1022.6,Spring
2016-03-04,-0.5,-2.8,2.8,2.1399999999999997,16.0,1019.5,Spring
2016-03-05,-0.1,-2.8,2.2,0.0,230.6,1021.1,Spring
2016-03-06,0.7,-2.8,4.4,0.0,263.6,1024.7,Spring
2016-03-07,3.5,-4.4,8.3,0.0,145.2,1021.0,Spring
2016-03-08,6.1,0.6,11.7,0.0,212.4,1020.4,Spring
2016-03-09,9.9,3.3,15.6,0.0,285.8,1018.3,Spring
2016-03-10,15.7,11.7,19.4,4.42,259.6,1013.8,Spring
2016-03-11,13.3,7.2,17.8,7.06,131.4,1018.3,Spring
2016-03-12,6.3,0.6,9.4,0.0,193.4,1023.0,Spring
2016-03-13,11.2,3.3,16.7,0.0,285.8,1016.8,Spring
2016-03-14,7.0,5.0,9.4,0.32,75.0,1013.0600000000001,Spring
2016-03-15,8.2,5.6,10.6,1.1800000000000002,8.0,1009.5,Spring
2016-03-16,9.0,5.6,15.0,2.5,19.0,1010.1,Spring
2016-03-17,9.0,2.2,13.3,0.0,237.4,1009.2,Spring
2016-03-18,8.9,6.1,11.1,0.0,132.6,1008.6,Spring
2016-03-19,3.6,0.0,6.7,0.0,184.2,1018.2,Spring
2016-03-20,1.3,-2.2,4.4,0.0,58.0,1019.6,Spring
2016-03-21,2.8,-1.1,9.4,0.0,316.0,1010.0,Spring
2016-03-22,4.9,1.1,8.9,0.0,243.8,1018.3,Spring
2016-03-23,10.1,4.4,16.7,0.0,205.0,1014.5,Spring
2016-03-24,7.6,5.6,10.0,0.0,88.0,1018.2,Spring
2016-03-25,11.0,6.7,15.0,0.76,230.6,1009.2,Spring
2016-03-26,5.4,2.2,8.3,0.0,24.0,1025.0,Spring
2016-03-27,5.4,2.2,8.3,0.0,141.6,1028.0,Spring
2016-03-28,7.0,5.0,12.2,17.5,70.0,1014.8399999999999,Spring
2016-03-29,8.2,5.0,10.6,0.0,313.0,1010.6,Spring
2016-03-30,5.2,-2.8,8.9,0.0,201.0,1025.2,Spring
2016-03-31,10.6,2.2,16.1,0.0,218.8,1015.5,Spring
2016-04-01,12.6,11.1,15.0,3.9200000000000004,252.0,1003.8,Spring
2016-04-02,9.1,5.0,13.3,3.96,131.8,999.6,Spring
2016-04-03,2.4,0.0,5.0,0.0,314.0,1003.9,Spring
2016-04-04,-0.3,-2.8,2.2,2.1399999999999997,36.0,1014.4,Spring
2016-04-05,-0.7,-5.0,3.9,0.0,353.0,1023.5,Spring
2016-04-06,1.7,-4.4,6.7,0.0,266.6,1025.3,Spring
2016-04-07,9.9,6.1,11.7,1.5799999999999998,115.0,1004.8,Spring
2016-04-08,7.6,5.6,9.4,0.0,252.0,1001.5,Spring
2016-04-09,3.7,-2.2,7.2,0.0,235.4,1008.1,Spring
2016-04-10,4.1,-0.6,7.8,0.0,278.0,1023.2,Spring
2016-04-11,9.2,6.1,12.8,0.5599999999999999,188.0,1022.1,Spring
2016-04-12,10.1,4.4,13.3,0.1,273.0,1017.6,Spring
2016-04-13,6.2,-0.6,11.7,0.0,160.6,1027.3,Spring
2016-04-14,7.4,1.1,14.4,0.0,163.4,1027.4,Spring
2016-04-15,7.6,1.1,16.1,0.0,109.6,1029.7,Spring
2016-04-16,8.8,1.1,18.3,0.0,128.6,1030.3,Spring
2016-04-17,9.6,1.1,18.3,0.0,180.2,1028.7,Spring
2016-04-18,12.9,3.3,23.9,0.0,131.4,1021.9,Spring
2016-04-19,13.7,7.2,19.4,0.0,269.8,1015.7,Spring
2016-04-20,11.7,7.2,16.7,0.0,343.0,1022.7,Spring
2016-04-21,10.9,3.3,17.8,0.0,251.6,1019.4,Spring
2016-04-22,16.4,10.6,22.2,1.3,200.8,1012.2,Spring
2016-04-23,16.3,11.1,20.6,7.74,205.2,1009.6,Spring
2016-04-24,10.9,5.6,17.2,0.0,233.6,1016.5,Spring
2016-04-25,11.8,8.3,15.6,0.0,201.4,1015.5,Spring
2016-04-26,8.8,6.1,11.1,10.7,50.0,1008.4,Spring
2016-04-27,8.6,2.8,13.3,0.0,215.6,1012.4,Spring
2016-04-28,9.4,5.0,11.7,0.0,254.4,1016.5,Spring
2016-04-29,9.0,7.2,11.1,0.3,99.0,1019.8,Spring
2016-04-30,10.0,6.7,14.4,2.3,207.0,1022.8,Spring
2016-05-01,7.6,5.0,9.4,0.0,101.0,1022.7,Spring
2016-05-02,8.8,6.1,12.8,0.0,141.0,1014.82,Spring
2016-05-03,10.0,8.9,11.1,10.8,41.4,1011.5,Spring
2016-05-04,9.7,7.8,11.7,2.7,54.0,1008.8,Spring
2016-05-05,9.6,7.2,12.2,0.0,20.0,1005.3,Spring
2016-05-06,9.8,8.3,13.9,2.5799999999999996,63.0,1007.6,Spring
2016-05-07,10.2,8.9,12.2,5.44,89.6,1008.6,Spring
2016-05-08,11.8,8.3,17.8,2.6,241.0,1005.8,Spring
2016-05-09,14.7,9.4,20.6,0.0,268.6,1014.4,Spring
2016-05-10,11.6,3.3,16.1,0.0,215.8,1022.0,Spring
2016-05-11,14.1,5.0,20.6,0.0,131.4,1020.5,Spring
2016-05-12,15.6,8.3,21.7,0.0,248.4,1019.3,Spring
2016-05-13,14.1,10.0,17.8,7.3199999999999985,179.8,1012.0,Spring
2016-05-14,15.9,11.7,20.6,0.8,248.8,1006.1,Spring
2016-05-15,12.0,9.4,15.0,0.0,290.0,1006.5,Spring
2016-05-16,10.9,6.1,17.8,0.0,233.6,1015.4,Spring
2016-05-17,12.9,7.8,17.2,0.0,174.0,1020.3,Spring
2016-05-18,13.2,7.2,17.8,0.0,183.6,1019.8,Spring
2016-05-19,13.6,11.1,17.8,0.0,131.4,1019.2,Spring
2016-05-20,14.8,7.2,21.1,0.0,123.4,1022.4,Spring
2016-05-21,13.8,7.8,16.7,0.0,176.8,1019.1,Spring
2016-05-22,15.0,12.2,21.1,7.74,205.2,1010.1,Spring
2016-05-23,16.0,9.4,21.7,0.0,214.6,1012.4,Spring
2016-05-24,15.5,13.3,20.0,4.2,84.8,1012.2,Spring
2016-05-25,18.2,10.0,26.1,0.0,175.4,1016.5,Spring
2016-05-26,21.6,14.4,30.0,0.0,180.2,1018.1,Spring
2016-05-27,20.2,15.6,25.6,0.0,41.0,1018.1,Spring
2016-05-28,22.0,17.8,27.2,0.0,196.0,1019.2,Spring
2016-05-29,22.0,18.3,27.2,0.0,174.0,1019.9,Spring
2016-05-30,19.7,17.2,23.3,1.02,159.0,1011.8400000000001,Spring
2016-05-31,21.8,18.9,25.6,0.0,227.8,1013.8,Spring
2016-06-01,20.2,15.0,26.1,0.0,127.2,1018.8,Summer
2016-06-02,16.5,14.4,19.4,0.0,85.0,1020.9,Summer
2016-06-03,16.9,15.0,19.4,0.8,39.8,1018.1,Summer
2016-06-04,20.7,17.2,25.6,0.0,207.2,1015.2,Summer
2016-06-05,18.2,17.2,19.4,0.22000000000000003,129.0,1009.2,Summer
2016-06-06,21.4,17.8,26.1,0.0,217.0,1003.7,Summer
2016-06-07,22.2,17.8,27.2,0.0,177.4,999.6,Summer
2016-06-08,16.8,15.0,19.4,2.06,59.4,1001.9,Summer
2016-06-09,16.6,12.8,21.1,0.0,112.8,1007.9,Summer
2016-06-10,17.6,11.7,23.9,0.0,220.8,1013.8,Summer
2016-06-11,16.3,8.9,21.7,2.5,247.6,1012.3,Summer
2016-06-12,20.2,15.6,26.1,0.0,155.2,1003.8,Summer
2016-06-13,17.6,12.2,22.8,0.0,324.0,1008.1,Summer
2016-06-14,19.3,12.8,25.6,0.0,243.0,1011.5,Summer
2016-06-15,19.6,12.8,25.6,0.0,233.0,1012.8,Summer
2016-06-16,19.8,16.7,24.4,0.0,130.0,1008.7,Summer
2016-06-17,19.3,15.6,22.8,0.0,199.4,1013.7,Summer
2016-06-18,19.3,11.7,26.7,0.0,88.0,1022.8,Summer
2016-06-19,19.3,13.3,24.4,0.0,83.6,1026.2,Summer
2016-06-20,20.3,15.6,25.0,0.0,128.6,1020.0,Summer
2016-06-21,23.2,18.3,28.3,0.8,209.4,1008.7,Summer
2016-06-22,21.6,13.9,27.8,0.0,240.4,1009.9,Summer
2016-06-23,20.5,14.4,25.0,0.0,205.8,1011.6,Summer
2016-06-24,21.3,16.1,26.7,0.0,214.4,1017.0,Summer
2016-06-25,20.2,13.9,25.6,0.0,105.0,1022.0,Summer
2016-06-26,20.6,14.4,26.7,0.0,118.2,1022.7,Summer
2016-06-27,21.8,18.9,25.6,0.5,189.0,1018.6,Summer
2016-06-28,21.2,20.0,22.2,0.9799999999999999,166.0,1014.6,Summer
2016-06-29,23.3,20.6,26.7,0.0,199.6,1011.3,Summer
2016-06-30,22.9,19.4,27.2,0.0,162.2,1015.2,Summer
2016-07-01,21.8,17.2,26.1,1.8,218.2,1014.7,Summer
2016-07-02,21.7,17.2,24.4,0.0,227.8,1013.4,Summer
2016-07-03,19.9,12.8,25.6,0.0,175.8,1018.0,Summer
2016-07-04,22.0,17.2,27.2,0.0,239.8,1017.0,Summer
2016-07-05,23.1,20.0,27.8,17.0,154.0,1008.8,Summer
2016-07-06,25.5,20.0,31.1,0.0,201.6,1010.3,Summer
2016-07-07,24.6,21.1,30.0,6.7,186.6,1008.5,Summer
2016-07-08,22.5,20.0,25.0,0.0,186.4,1009.3,Summer
2016-07-09,18.6,17.2,19.4,0.0,89.0,1011.3,Summer
2016-07-10,20.2,17.2,24.4,1.0399999999999998,159.2,1010.9,Summer
2016-07-11,20.4,16.1,24.4,0.0,97.8,1017.6,Summer
2016-07-12,22.4,16.7,27.2,0.0,174.4,1019.3,Summer
2016-07-13,23.9,21.1,28.3,0.0,196.0,1018.0,Summer
2016-07-14,24.7,22.2,29.4,6.1,189.8,1012.6,Summer
2016-07-15,26.2,20.6,32.2,0.0,181.8,1010.5,Summer
2016-07-16,26.0,20.6,30.6,0.0,259.8,1015.8,Summer
2016-07-17,26.1,22.8,30.0,0.0,193.0,1018.4,Summer
2016-07-18,25.5,21.1,31.7,0.8,247.4,1017.4,Summer
2016-07-19,24.6,18.9,27.8,0.0,316.0,1017.7,Summer
2016-07-20,21.7,15.6,25.6,0.0,138.4,1022.0,Summer
2016-07-21,23.3,16.1,29.4,0.0,219.8,1019.8,Summer
2016-07-22,25.5,22.2,30.0,0.0,158.4,1012.2,Summer
2016-07-23,28.4,21.7,33.3,0.0,158.4,1009.3,Summer
2016-07-24,25.6,19.4,29.4,0.0,215.8,1014.2,Summer
2016-07-25,24.5,20.6,29.4,3.5,219.6,1012.8,Summer
2016-07-26,26.0,21.1,31.7,0.0,181.8,1011.2,Summer
2016-07-27,25.7,20.6,30.0,0.0,219.6,1013.3,Summer
2016-07-28,26.0,20.0,31.1,0.0,219.6,1012.2,Summer
2016-07-29,23.9,21.7,28.3,0.2,178.8,1011.1,Summer
2016-07-30,24.2,20.6,28.3,3.28,246.8,1015.9,Summer
2016-07-31,23.4,21.1,25.6,1.2399999999999998,162.2,1017.2,Summer
2016-08-01,22.5,20.0,25.6,4.1,80.0,1018.1,Summer
2016-08-02,21.1,18.3,24.4,2.0,50.0,1019.5,Summer
2016-08-03,20.8,15.6,26.1,0.0,141.0,1021.5,Summer
2016-08-04,21.0,14.4,26.7,0.0,141.0,1020.9,Summer
2016-08-05,22.8,16.1,27.2,0.0,269.6,1015.8,Summer
2016-08-06,25.2,22.8,29.4,1.0,184.2,1007.6,Summer
2016-08-07,24.9,19.4,30.0,0.0,209.8,1010.4,Summer
2016-08-08,23.5,17.8,27.8,0.0,263.8,1016.9,Summer
2016-08-09,23.9,15.6,30.0,0.0,138.8,1022.3,Summer
2016-08-10,24.7,22.8,26.7,0.2,188.0,1010.8399999999999,Summer
2016-08-11,27.1,24.4,31.1,1.8,197.6,1017.3,Summer
2016-08-12,27.3,23.9,31.7,2.2600000000000002,162.2,1012.3,Summer
2016-08-13,28.5,25.0,33.3,3.8,185.0,1012.0,Summer
2016-08-14,27.6,23.3,32.2,0.0,183.6,1013.4,Summer
2016-08-15,26.7,23.3,29.4,0.0,193.6,1019.8,Summer
2016-08-16,26.0,21.1,30.6,0.0,173.2,1020.4,Summer
2016-08-17,26.5,23.3,28.3,0.0,276.0,1015.0,Summer
2016-08-18,24.5,21.1,28.3,0.0,216.2,1015.3,Summer
2016-08-19,25.6,20.6,29.4,0.0,188.8,1013.5,Summer
2016-08-20,24.7,21.1,28.3,0.0,178.2,1017.2,Summer
2016-08-21,25.7,23.3,28.9,0.3,129.0,1011.6,Summer
2016-08-22,22.3,18.9,25.6,2.5,329.0,1014.3,Summer
2016-08-23,19.9,11.7,25.0,0.0,77.6,1024.8,Summer
2016-08-24,23.0,16.1,28.3,0.0,105.0,1023.8,Summer
2016-08-25,24.6,20.6,27.8,0.0,206.0,1018.7,Summer
2016-08-26,26.5,23.9,32.2,0.0,229.0,1015.3,Summer
2016-08-27,24.9,19.4,29.4,0.0,54.0,1021.3,Summer
2016-08-28,23.5,18.3,27.8,0.0,151.4,1023.7,Summer
2016-08-29,26.3,21.1,31.7,0.0,289.0,1019.4,Summer
2016-08-30,22.2,15.6,27.2,0.0,175.0,1020.1,Summer
2016-08-31,24.9,22.2,27.8,0.0,192.2,1014.7,Summer
2016-09-01,23.0,21.7,25.0,0.42000000000000004,159.4,1011.1,Fall
2016-09-02,22.0,17.2,27.2,0.0,239.8,1017.2,Fall
2016-09-03,19.6,16.7,23.3,0.0,45.0,1022.0,Fall
2016-09-04,19.8,13.9,26.7,0.0,29.0,1023.3,Fall
2016-09-05,20.6,15.0,26.7,0.0,6.0,1019.9,Fall
2016-09-06,21.5,19.4,22.8,0.86,17.0,1014.7,Fall
2016-09-07,23.2,21.1,26.7,1.3,21.0,1015.1,Fall
2016-09-08,23.7,19.4,28.3,0.0,241.4,1012.1,Fall
2016-09-09,26.4,21.7,31.1,0.0,158.4,1011.7,Fall
2016-09-10,25.3,21.7,28.3,0.0,238.4,1015.7,Fall
2016-09-11,24.9,19.4,28.9,0.3,274.0,1014.7,Fall
2016-09-12,19.1,11.7,23.3,0.0,68.4,1023.2,Fall
2016-09-13,20.0,11.7,25.6,0.0,141.4,1022.2,Fall
2016-09-14,24.0,21.7,29.4,0.3,227.6,1017.7,Fall
2016-09-15,17.9,12.8,21.7,0.0,39.0,1024.1,Fall
2016-09-16,17.6,11.7,22.2,0.0,133.0,1026.3,Fall
2016-09-17,17.6,10.0,23.9,0.0,93.8,1023.2,Fall
2016-09-18,23.4,21.1,25.6,0.0,200.0,1017.9,Fall
2016-09-19,21.7,20.0,22.8,0.0,108.6,1017.4,Fall
2016-09-20,21.8,18.9,25.0,0.0,108.4,1019.1,Fall
2016-09-21,21.2,16.7,28.9,0.0,129.2,1020.8,Fall
2016-09-22,20.2,13.9,26.7,0.0,111.8,1020.9,Fall
2016-09-23,19.5,12.2,26.1,0.0,183.0,1016.0,Fall
2016-09-24,16.1,10.6,21.1,3.6,194.0,1019.1,Fall
2016-09-25,13.9,7.8,20.6,0.0,172.2,1021.1,Fall
2016-09-26,14.2,6.1,20.6,0.0,116.0,1021.2,Fall
2016-09-27,19.6,15.0,21.1,9.1,63.6,1013.3,Fall
2016-09-28,16.0,13.9,20.0,0.0,45.4,1020.3,Fall
2016-09-29,15.7,13.3,20.0,0.0,40.0,1028.3,Fall
2016-09-30,14.5,12.8,17.2,4.76,33.0,1027.0,Fall
2016-10-01,12.8,11.1,14.4,0.0,11.0,1022.8,Fall
2016-10-02,14.3,11.7,16.7,0.0,185.0,1012.0800000000002,Fall
2016-10-03,16.7,13.3,20.0,0.0,130.0,1016.6,Fall
2016-10-04,16.7,12.8,20.6,0.0,37.0,1025.2,Fall
2016-10-05,13.0,7.2,18.3,0.0,167.4,1026.9,Fall
2016-10-06,14.6,9.4,19.4,0.0,107.2,1026.1,Fall
2016-10-07,14.4,7.2,21.7,0.0,241.6,1021.9200000000001,Fall
2016-10-08,15.2,8.9,20.0,3.44,260.4,1019.4,Fall
2016-10-09,13.6,11.1,18.3,0.8800000000000001,354.0,1015.2,Fall
2016-10-10,11.1,5.6,16.1,0.0,338.0,1022.0,Fall
2016-10-11,9.2,3.3,16.7,0.0,186.8,1030.5,Fall
2016-10-12,12.3,5.0,17.8,0.0,174.0,1027.2,Fall
2016-10-13,16.2,12.8,18.9,0.0,101.4,1019.0,Fall
2016-10-14,10.9,6.7,16.7,0.0,218.8,1025.8,Fall
2016-10-15,10.3,3.9,16.1,0.0,46.0,1029.2,Fall
2016-10-16,14.7,6.1,18.9,0.0,131.4,1021.1,Fall
2016-10-17,18.8,16.1,23.3,0.0,199.4,1013.3,Fall
2016-10-18,19.0,13.3,24.4,0.0,94.0,1020.3400000000001,Fall
2016-10-19,21.4,16.1,27.2,0.0,266.4,1014.2,Fall
2016-10-20,15.9,12.2,19.4,0.0,68.0,1020.2,Fall
2016-10-21,20.0,16.7,23.3,0.0,128.0,1006.2,Fall
2016-10-22,11.9,8.3,18.9,6.7,202.8,995.5,Fall
2016-10-23,12.1,8.3,16.7,0.0,273.0,1006.9,Fall
2016-10-24,12.2,8.3,15.6,3.1,133.4,1012.2,Fall
2016-10-25,8.1,5.6,10.6,0.0,166.2,1021.9,Fall
2016-10-26,5.7,1.7,10.0,0.0,338.0,1028.7,Fall
2016-10-27,3.9,1.7,11.7,3.7,32.0,1028.7,Fall
2016-10-28,7.7,6.1,10.0,0.3,325.0,1017.2,Fall
2016-10-29,9.3,2.8,15.0,0.0,286.4,1017.5,Fall
2016-10-30,16.0,12.2,21.1,21.0,149.8,1011.1,Fall
2016-10-31,8.5,3.9,11.7,0.0,340.0,1020.2,Fall
2016-11-01,7.1,-0.6,13.9,0.0,160.6,1027.7,Fall
2016-11-02,14.2,11.7,17.2,0.0,131.4,1022.9,Fall
2016-11-03,14.4,10.0,21.7,0.0,268.4,1013.6,Fall
2016-11-04,11.2,2.8,15.0,0.0,285.6,1018.7,Fall
2016-11-05,8.0,-0.6,15.0,0.0,226.6,1021.6,Fall
2016-11-06,9.7,5.0,12.2,0.0,336.0,1022.6,Fall
2016-11-07,4.8,0.6,10.6,0.0,203.8,1029.5,Fall
2016-11-08,6.3,0.6,14.4,0.0,265.6,1019.5,Fall
2016-11-09,9.1,2.2,14.4,0.0,181.2,1010.5,Fall
2016-11-10,9.1,3.3,12.2,0.0,211.8,1012.5,Fall
2016-11-11,10.2,4.4,15.6,0.0,300.0,1007.7,Fall
2016-11-12,5.5,1.7,8.9,0.0,187.6,1023.0,Fall
2016-11-13,8.1,2.2,13.9,0.0,256.4,1018.1,Fall
2016-11-14,7.9,-1.7,13.9,0.0,261.2,1016.4,Fall
2016-11-15,8.8,7.2,10.0,2.1,2.0,1009.9,Fall
2016-11-16,9.8,4.4,13.9,0.0,186.6,1007.2,Fall
2016-11-17,10.0,3.3,15.0,0.0,332.0,1014.6,Fall
2016-11-18,7.3,0.6,13.9,0.0,214.4,1018.2,Fall
2016-11-19,9.1,3.9,13.3,0.0,191.4,1012.0,Fall
2016-11-20,4.6,2.2,11.1,3.7,279.0,998.0,Fall
2016-11-21,2.4,1.1,3.9,0.0,280.0,1002.9,Fall
2016-11-22,3.0,1.7,6.1,0.0,310.0,1015.0,Fall
2016-11-23,2.4,0.0,5.6,0.0,323.0,1024.0,Fall
2016-11-24,4.2,1.1,8.3,0.0,26.0,1025.2,Fall
2016-11-25,7.0,4.4,11.1,3.5,109.4,1023.0,Fall
2016-11-26,6.4,3.9,10.6,0.0,105.6,1018.3,Fall
2016-11-27,5.5,0.0,9.4,0.0,312.0,1017.9,Fall
2016-11-28,4.0,-2.8,8.9,0.0,197.8,1021.3,Fall
2016-11-29,10.4,2.8,13.9,27.9,191.6,1016.1,Fall
2016-11-30,10.7,8.9,12.8,6.94,126.8,1011.4,Fall
2016-12-01,10.1,6.1,12.8,1.8,163.8,1002.5,Winter
2016-12-02,7.0,3.9,10.0,0.0,272.0,1010.2,Winter
2016-12-03,5.8,3.9,7.2,0.0,315.0,1015.0,Winter
2016-12-04,2.4,-0.6,5.6,0.0,257.6,1022.1,Winter
2016-12-05,3.7,0.6,8.3,1.1,180.8,1016.7,Winter
2016-12-06,3.5,-3.3,7.2,3.6,231.6,1017.9,Winter
2016-12-07,4.3,2.2,6.1,4.0200000000000005,186.4,1012.78,Winter
2016-12-08,3.1,-0.6,6.1,0.0,195.8,1013.3,Winter
2016-12-09,1.1,-2.2,3.3,0.0,302.0,1018.1,Winter
2016-12-10,-2.7,-6.7,0.6,0.0,136.8,1027.7,Winter
2016-12-11,-2.9,-8.9,1.7,0.0,170.2,1031.4,Winter
2016-12-12,5.2,0.0,7.8,0.0,234.0,1012.2,Winter
2016-12-13,3.7,1.7,5.6,0.0,160.8,1018.8,Winter
2016-12-14,2.9,0.0,5.0,0.0,299.2,1014.1,Winter
2016-12-15,-3.3,-6.1,1.1,0.0,280.0,1011.6,Winter
2016-12-16,-6.1,-10.6,-2.8,0.0,248.6,1027.2,Winter
2016-12-17,-0.2,-3.3,3.9,10.7,143.0,1018.0,Winter
2016-12-18,5.8,0.0,11.7,3.8200000000000003,220.2,1014.7,Winter
2016-12-19,-4.2,-6.7,-0.6,0.0,358.0,1037.8,Winter
2016-12-20,-4.6,-10.0,0.6,0.0,305.0,1031.7,Winter
2016-12-21,0.1,-4.4,2.8,0.0,183.6,1020.8,Winter
2016-12-22,2.9,-2.2,7.8,0.0,229.0,1017.0,Winter
2016-12-23,3.8,0.6,7.2,0.0,79.2,1027.4,Winter
2016-12-24,4.0,1.7,5.6,11.5,14.8,1022.3,Winter
2016-12-25,3.3,-1.1,9.4,0.0,77.2,1031.0,Winter
2016-12-26,0.9,-6.1,6.7,0.0,66.4,1035.9,Winter
2016-12-27,8.7,1.7,13.9,0.0,252.0,1010.9,Winter
2016-12-28,2.2,-3.3,3.9,0.0,250.8,1017.9,Winter
2016-12-29,1.9,-3.9,6.1,13.3,272.2,1008.7,Winter
2016-12-30,2.6,0.6,4.4,0.0,261.0,1003.2,Winter
2016-12-31,2.6,-0.6,6.7,0.0,233.0,1016.9,Winter
2017-01-01,4.0,-3.9,7.8,0.72,145.2,1020.4,Winter
2017-01-02,-0.5,-4.4,1.7,0.0,103.4,1031.2,Winter
2017-01-03,4.6,1.7,6.7,0.1,28.0,1013.1,Winter
2017-01-04,6.0,2.8,8.9,0.0,255.0,1017.6,Winter
2017-01-05,-0.6,-2.2,2.2,0.0,191.0,1011.6,Winter
2017-01-06,-2.2,-5.0,-0.6,0.0,183.8,1017.9,Winter
2017-01-07,-6.4,-6.7,-5.0,1.8800000000000001,358.0,1022.8,Winter
2017-01-08,-7.1,-9.4,-5.0,0.0,307.0,1024.9,Winter
2017-01-09,-7.7,-13.9,-3.9,0.0,329.8,1038.3,Winter
2017-01-10,-4.1,-13.3,5.0,0.0,227.6,1034.2,Winter
2017-01-11,5.7,3.3,7.8,3.6,31.8,1024.5,Winter
2017-01-12,8.2,5.6,10.6,6.0,95.6,1017.9,Winter
2017-01-13,6.0,-1.7,12.2,0.0,320.0,1028.2,Winter
2017-01-14,-2.8,-4.4,-1.7,0.0,88.4,1035.7,Winter
2017-01-15,-1.6,-7.8,3.9,0.0,138.6,1026.7,Winter
2017-01-16,-1.1,-7.2,3.3,0.0,66.4,1029.1,Winter
2017-01-17,3.0,1.7,4.4,2.3,187.2,1021.7,Winter
2017-01-18,3.2,2.2,4.4,0.0,12.0,1014.2,Winter
2017-01-19,4.5,-0.6,8.3,0.0,248.4,1023.26,Winter
2017-01-20,4.4,3.3,5.6,0.0,323.8,1015.3,Winter
2017-01-21,5.0,3.3,7.2,0.0,233.8,1010.6,Winter
2017-01-22,6.5,4.4,10.0,0.0,214.6,1007.9,Winter
2017-01-23,4.3,1.7,6.7,8.6,53.0,1009.3,Winter
2017-01-24,3.2,2.2,3.9,3.7,6.0,993.1,Winter
2017-01-25,4.1,1.7,7.8,0.0,298.0,1001.3,Winter
2017-01-26,5.9,3.9,9.4,0.0,188.8,996.2,Winter
2017-01-27,4.6,2.8,5.6,0.0,267.0,1000.9,Winter
2017-01-28,2.5,1.1,3.9,0.0,256.0,1003.5,Winter
2017-01-29,2.4,-2.8,5.6,0.0,303.2,1005.5,Winter
2017-01-30,-1.7,-5.0,2.2,0.0,139.2,1008.5,Winter
2017-01-31,-3.9,-7.8,-1.7,0.0,243.8,1016.8,Winter
2017-02-01,1.6,-5.6,5.6,0.0,289.6,1012.7,Winter
2017-02-02,1.5,-3.3,5.0,0.0,250.8,1017.7,Winter
2017-02-03,-1.8,-4.4,0.0,0.0,246.8,1021.0,Winter
2017-02-04,-2.5,-6.1,0.6,0.0,275.0,1025.1,Winter
2017-02-05,1.9,-1.1,3.9,0.0,226.0,1015.6,Winter
2017-02-06,2.6,-2.2,6.1,0.0,273.0,1017.2,Winter
2017-02-07,1.1,-1.1,2.2,0.0,18.0,1012.5,Winter
2017-02-08,5.6,1.1,15.0,0.0,349.0,1003.4,Winter
2017-02-09,-2.3,-8.3,3.3,0.2,349.0,1003.2,Winter
2017-02-10,-4.7,-8.9,-1.1,0.0,269.8,1020.6,Winter
2017-02-11,0.4,-3.3,4.4,0.0,272.2,1016.0,Winter
2017-02-12,-2.0,-3.9,0.0,0.0,12.0,1023.46,Winter
2017-02-13,0.2,-2.2,1.7,0.5,183.2,1005.3,Winter
2017-02-14,-1.9,-7.2,1.7,0.0,239.6,1011.7,Winter
2017-02-15,0.5,-5.0,6.1,0.5,195.8,997.7,Winter
2017-02-16,0.5,-2.2,2.2,0.0,77.6,999.6,Winter
2017-02-17,-0.1,-3.9,3.9,0.0,295.0,1008.8,Winter
2017-02-18,2.4,-5.6,8.3,0.0,287.6,1007.8,Winter
2017-02-19,8.7,1.1,14.4,0.0,232.0,1008.1,Winter
2017-02-20,6.2,0.6,9.4,0.0,330.0,1021.1,Winter
2017-02-21,1.6,-2.8,5.6,0.0,142.8,1026.2,Winter
2017-02-22,5.2,2.2,8.9,0.0,299.4,1015.6,Winter
2017-02-23,5.7,0.6,11.1,0.0,209.2,1011.6,Winter
2017-02-24,9.7,3.3,16.7,0.0,242.2,1013.1,Winter
2017-02-25,11.1,7.2,15.0,4.1,152.8,1005.9,Winter
2017-02-26,3.8,1.7,6.1,0.0,301.0,1013.5,Winter
2017-02-27,4.5,1.1,8.3,0.0,138.8,1028.0,Winter
2017-02-28,7.4,3.3,12.2,0.0,138.4,1025.8,Winter
2017-03-01,9.5,8.3,12.2,6.1,136.8,1004.1,Spring
2017-03-02,7.1,1.1,15.0,0.0,284.0,1004.4,Spring
2017-03-03,-0.3,-4.4,2.2,0.0,304.0,1022.2,Spring
2017-03-04,-6.0,-9.4,-2.8,0.0,325.0,1031.4,Spring
2017-03-05,-5.8,-11.7,0.0,0.0,327.0,1034.2,Spring
2017-03-06,-1.8,-8.3,3.3,0.0,161.0,1032.5,Spring
2017-03-07,5.7,2.8,8.3,0.72,79.2,1025.2,Spring
2017-03-08,8.8,5.6,12.8,0.22000000000000003,71.4,1013.2,Spring
2017-03-09,10.5,7.2,12.8,0.0,280.0,1013.0,Spring
2017-03-10,0.5,-3.9,6.1,2.66,349.0,1011.6,Spring
2017-03-11,-6.4,-10.0,-3.3,0.0,310.0,1019.3,Spring
2017-03-12,-6.1,-10.0,-2.2,0.0,316.0,1025.2,Spring
2017-03-13,-4.4,-8.3,-1.1,0.0,268.0,1030.4,Spring
2017-03-14,-1.0,-2.8,2.2,0.1,20.0,1003.9,Spring
2017-03-15,-4.7,-7.2,-2.8,0.0,286.0,1000.7,Spring
2017-03-16,-1.2,-4.4,2.8,0.0,283.0,1012.2,Spring
2017-03-17,1.0,-3.9,6.7,0.0,146.2,1021.4,Spring
2017-03-18,-0.2,-6.7,3.9,0.9199999999999999,156.2,1023.4,Spring
2017-03-19,2.0,-1.7,5.6,0.0,13.0,1021.2,Spring
2017-03-20,4.7,-2.8,10.6,0.0,322.0,1017.4,Spring
2017-03-21,6.4,1.1,9.4,0.0,257.0,1011.9,Spring
2017-03-22,0.4,-5.0,6.7,0.0,289.4,1017.8,Spring
2017-03-23,-2.0,-6.1,3.9,0.0,66.4,1033.0,Spring
2017-03-24,2.4,-4.4,6.7,0.0,23.8,1027.6,Spring
2017-03-25,6.0,2.2,11.7,0.0,101.2,1022.8,Spring
2017-03-26,3.0,0.0,5.0,0.0,57.0,1030.9,Spring
2017-03-27,4.4,2.2,7.2,2.3,33.0,1019.7,Spring
2017-03-28,5.1,3.9,6.7,0.1,211.8,1014.6,Spring
2017-03-29,8.1,5.6,12.2,0.0,350.0,1017.1,Spring
2017-03-30,4.8,0.6,8.9,0.0,295.0,1022.4,Spring
2017-03-31,3.2,2.2,5.0,0.0,102.0,1017.9,Spring
2017-04-01,3.8,2.2,6.1,0.0,8.0,1009.0,Spring
2017-04-02,9.2,3.3,15.6,0.0,218.8,1017.4,Spring
2017-04-03,7.9,0.6,13.3,0.0,214.4,1018.0,Spring
2017-04-04,7.6,6.1,8.3,3.3600000000000003,61.0,1006.0,Spring
2017-04-05,7.3,5.0,11.7,0.0,49.0,1012.5,Spring
2017-04-06,6.4,3.9,11.1,0.38,100.0,1015.5600000000001,Spring
2017-04-07,7.2,4.4,9.4,3.8,235.0,994.0,Spring
2017-04-08,7.1,4.4,11.1,0.0,305.0,1007.3,Spring
2017-04-09,7.3,-1.1,15.0,0.0,267.6,1019.6,Spring
2017-04-10,10.5,2.8,17.8,0.0,212.0,1021.4,Spring
2017-04-11,13.2,5.6,21.1,0.0,131.4,1019.9,Spring
2017-04-12,12.5,7.8,20.0,0.0,127.2,1020.3,Spring
2017-04-13,11.4,6.7,15.6,0.0,327.0,1026.1,Spring
2017-04-14,10.5,5.6,15.0,0.0,257.0,1028.3,Spring
2017-04-15,9.2,2.2,14.4,0.0,122.6,1026.4,Spring
2017-04-16,15.6,8.3,23.3,0.8,220.4,1012.4,Spring
2017-04-17,18.2,12.8,22.8,0.0,88.6,1013.0,Spring
2017-04-18,11.0,7.2,15.0,0.0,43.0,1027.6,Spring
2017-04-19,7.5,5.6,10.0,3.8,133.0,1031.8,Spring
2017-04-20,10.5,7.8,14.4,3.6400000000000006,181.6,1019.7,Spring
2017-04-21,9.6,8.9,10.6,7.7,149.8,1015.1,Spring
2017-04-22,9.6,8.3,11.7,0.5,39.4,1016.26,Spring
2017-04-23,10.0,5.6,14.4,0.0,280.0,1018.4,Spring
2017-04-24,9.4,3.3,15.0,0.0,311.4,1021.3,Spring
2017-04-25,11.9,10.6,13.9,17.5,50.0,1018.7,Spring
2017-04-26,12.5,10.0,17.2,15.5,126.0,1009.1,Spring
2017-04-27,14.4,12.8,17.8,0.0,236.6,1012.2,Spring
2017-04-28,15.8,12.2,22.2,0.3,209.0,1014.5,Spring
2017-04-29,19.0,13.3,26.7,0.0,197.4,1015.3,Spring
2017-04-30,12.9,8.9,18.9,0.0,61.0,1023.1,Spring
2017-05-01,12.3,7.8,17.2,0.0,306.8,1014.3,Spring
2017-05-02,17.3,14.4,21.1,0.0,225.0,1002.6,Spring
2017-05-03,14.8,10.6,17.2,0.0,295.0,1011.9,Spring
2017-05-04,10.0,2.2,15.0,0.0,262.8,1023.9,Spring
2017-05-05,11.1,8.9,13.9,4.340000000000001,92.0,1011.7,Spring
2017-05-06,14.3,11.7,16.7,12.08,142.0,998.1,Spring
2017-05-07,11.6,8.9,13.3,3.88,225.0,1002.8,Spring
2017-05-08,8.9,4.4,12.2,0.0,184.4,1010.3,Spring
2017-05-09,9.0,4.4,12.2,0.0,211.0,1014.8,Spring
2017-05-10,9.9,3.3,13.9,0.0,218.8,1016.4,Spring
2017-05-11,10.6,5.6,15.6,0.0,221.6,1016.0,Spring
2017-05-12,11.5,8.3,14.4,0.0,197.0,1017.6,Spring
2017-05-13,9.4,7.2,10.6,14.5,82.0,1013.6,Spring
2017-05-14,11.8,5.6,18.9,8.879999999999999,337.0,1002.9,Spring
2017-05-15,15.1,10.6,19.4,0.0,315.0,1004.0,Spring
2017-05-16,17.4,12.2,21.7,0.0,197.6,1013.7,Spring
2017-05-17,18.8,10.0,26.7,0.0,207.6,1014.2,Spring
2017-05-18,23.5,17.2,29.4,0.0,210.0,1011.7,Spring
2017-05-19,23.8,19.4,27.8,0.0,228.0,1011.1,Spring
2017-05-20,15.1,11.7,18.9,0.0,72.0,1023.9,Spring
2017-05-21,13.9,7.2,18.9,0.0,114.2,1027.4,Spring
2017-05-22,12.6,10.6,13.9,15.7,45.8,1019.8,Spring
2017-05-23,15.5,11.7,20.0,0.0,245.2,1012.4,Spring
2017-05-24,15.4,13.3,18.9,1.1,87.0,1008.3,Spring
2017-05-25,13.9,12.8,15.6,12.7,61.0,1005.2,Spring
2017-05-26,14.8,10.6,20.0,16.9,190.2,1014.4,Spring
2017-05-27,15.9,12.8,18.9,0.0,177.6,1011.2,Spring
2017-05-28,15.8,13.3,18.9,0.0,189.6,1014.3,Spring
2017-05-29,13.2,11.7,14.4,6.9,127.0,1010.4,Spring
2017-05-30,13.1,11.7,15.0,0.0,80.2,1021.1,Spring
2017-05-31,15.2,12.8,18.3,0.8,121.8,1016.6,Spring
2017-06-01,18.2,13.9,24.4,12.1,65.6,1012.9,Summer
2017-06-02,16.6,10.0,21.1,0.0,234.4,1013.7,Summer
2017-06-03,15.6,7.8,21.7,0.0,214.6,1013.7,Summer
2017-06-04,15.0,10.6,18.9,4.4,202.4,1014.8,Summer
2017-06-05,15.2,13.3,17.2,2.9,48.0,1008.6,Summer
2017-06-06,12.1,10.6,13.3,0.6,23.0,1008.7,Summer
2017-06-07,14.5,10.6,20.0,0.0,354.0,1014.6,Summer
2017-06-08,14.0,8.3,19.4,0.0,263.6,1015.2,Summer
2017-06-09,17.3,8.3,25.6,0.0,285.8,1007.3,Summer
2017-06-10,19.8,12.2,26.7,0.0,248.2,1014.2,Summer
2017-06-11,22.5,16.1,29.4,0.0,239.8,1016.3,Summer
2017-06-12,24.3,17.2,30.0,0.0,234.6,1014.7,Summer
2017-06-13,25.3,18.3,30.6,0.0,251.0,1011.7,Summer
2017-06-14,24.2,18.9,27.2,0.0,56.0,1014.5,Summer
2017-06-15,18.3,13.3,22.8,0.0,111.0,1018.2,Summer
2017-06-16,17.3,16.7,18.9,2.4,89.0,1010.3399999999999,Summer
2017-06-17,19.3,17.2,21.1,0.6,130.8,1013.9,Summer
2017-06-18,22.1,19.4,26.1,0.0,161.0,1011.9,Summer
2017-06-19,22.7,20.6,26.0,2.1,187.0,1014.76,Summer
2017-06-20,23.1,18.9,27.0,0.6,198.4,1014.9799999999999,Summer
2017-06-21,22.4,17.2,27.0,0.0,167.0,1016.74,Summer
2017-06-22,21.2,16.0,26.1,0.0,123.6,1016.9399999999999,Summer
2017-06-23,23.3,19.4,27.0,0.0,198.4,1014.1600000000001,Summer
2017-06-24,24.1,20.6,29.4,2.04,239.0,1013.3399999999999,Summer
2017-06-25,21.7,16.7,25.6,0.48,133.0,1015.2,Summer
2017-06-26,20.4,13.9,24.0,0.0,124.6,1018.6600000000001,Summer
2017-06-27,19.0,15.0,22.8,0.42000000000000004,105.6,1015.0,Summer
2017-06-28,19.3,12.2,24.4,0.0,128.2,1018.1,Summer
2017-06-29,21.4,18.9,24.4,0.0,111.0,1019.5,Summer
2017-06-30,22.9,20.6,27.2,1.56,153.6,1015.5,Summer
2017-07-01,23.0,21.1,26.1,0.68,156.4,1013.9,Summer
2017-07-02,24.8,21.7,29.4,2.0,213.6,1013.6,Summer
2017-07-03,25.2,18.3,30.0,0.6799999999999999,225.4,1014.3,Summer
2017-07-04,23.2,18.9,27.2,0.0,254.8,1017.6,Summer
2017-07-05,23.0,17.8,27.8,0.0,95.0,1022.1,Summer
2017-07-06,20.6,17.2,23.9,0.8,94.8,1020.1,Summer
2017-07-07,20.4,18.9,23.9,0.9199999999999999,139.0,1009.6,Summer
2017-07-08,23.3,20.0,28.3,0.3,165.0,1007.3,Summer
2017-07-09,22.8,18.3,27.2,0.0,188.4,1014.6,Summer
2017-07-10,23.4,16.7,27.8,0.0,263.8,1017.3,Summer
2017-07-11,24.8,22.2,28.3,3.9,169.6,1013.9,Summer
2017-07-12,25.5,21.7,30.0,0.0,227.6,1012.3400000000001,Summer
2017-07-13,24.8,18.3,30.6,3.1,298.8,1015.2,Summer
2017-07-14,17.2,15.6,18.3,1.54,64.0,1018.3,Summer
2017-07-15,21.1,17.8,25.6,0.0,204.2,1013.3,Summer
2017-07-16,23.9,20.0,27.2,0.0,162.2,1014.0,Summer
2017-07-17,23.6,18.3,27.8,0.0,254.6,1017.5,Summer
2017-07-18,25.3,22.2,29.4,0.0,174.4,1018.6,Summer
2017-07-19,26.4,21.7,32.2,0.0,260.8,1016.2,Summer
2017-07-20,26.9,20.0,31.7,0.0,244.6,1013.3,Summer
2017-07-21,26.8,23.3,31.1,0.0,158.4,1011.3,Summer
2017-07-22,25.7,21.1,28.9,0.0,181.8,1010.5,Summer
2017-07-23,23.7,21.1,27.2,0.0,79.0,1009.5,Summer
2017-07-24,17.5,15.0,20.6,7.9,37.0,1010.22,Summer
2017-07-25,17.8,15.6,21.1,0.0,34.0,1019.0,Summer
2017-07-26,19.9,13.9,24.4,0.0,127.6,1022.8,Summer
2017-07-27,21.4,18.9,23.3,0.0,108.2,1016.0,Summer
2017-07-28,23.8,18.9,27.8,0.0,209.4,1010.5,Summer
2017-07-29,20.9,16.7,24.4,0.0,20.0,1009.7,Summer
2017-07-30,20.6,13.3,27.2,0.0,343.0,1015.0,Summer
2017-07-31,21.8,14.4,27.8,0.0,180.2,1017.4,Summer
